+ Rscript -e 'library(irace); irace::irace_cmdline(c('\''--scenario'\'','\''nsga2-scenario.txt'\''))'
+ tee nsga2-tuning.log
+ Rscript -e 'library(irace); irace::irace_cmdline(c('\''--scenario'\'','\''nspso-scenario.txt'\''))'
+ tee nspso-tuning.log
+ Rscript -e 'library(irace); irace::irace_cmdline(c('\''--scenario'\'','\''moead-scenario.txt'\''))'
+ tee moead-tuning.log
+ Rscript -e 'library(irace); irace::irace_cmdline(c('\''--scenario'\'','\''mhaco-scenario.txt'\''))'
+ tee mhaco-tuning.log
+ Rscript -e 'library(irace); irace::irace_cmdline(c('\''--scenario'\'','\''ihs-scenario.txt'\''))'
+ tee ihs-tuning.log
+ Rscript -e 'library(irace); irace::irace_cmdline(c('\''--scenario'\'','\''nsbrkga-scenario-stage1.txt'\''))'
+ tee nsbrkga-stage1-tuning.log
+ Rscript -e 'library(irace); irace::irace_cmdline(c('\''--scenario'\'','\''nsbrkga-scenario-stage2.txt'\''))'
+ tee nsbrkga-stage2-tuning.log
+ Rscript -e 'library(irace); irace::irace_cmdline(c('\''--scenario'\'','\''nsbrkga-scenario-stage4.txt'\''))'
+ Rscript -e 'library(irace); irace::irace_cmdline(c('\''--scenario'\'','\''nsbrkga-scenario-stage3.txt'\''))'
+ tee nsbrkga-stage3-tuning.log
+ tee nsbrkga-stage4-tuning.log
+ Rscript -e 'library(irace); irace::irace_cmdline(c('\''--scenario'\'','\''nsbrkga-scenario-stage5.txt'\''))'
+ tee nsbrkga-stage5-tuning.log
+ wait
+ Rscript -e 'library(irace); irace::irace_cmdline(c('\''--scenario'\'','\''nsbrkga-scenario-stage6.txt'\''))'
+ tee nsbrkga-stage6-tuning.log
#------------------------------------------------------------------------------
# irace: An implementation in R of (Elitist) Iterated Racing
# Version: 4.4.3.dd8d85f
# Copyright (C) 2010-2025
# Manuel Lopez-Ibanez     <manuel.lopez-ibanez@manchester.ac.uk>
# Jeremie Dubois-Lacoste
# Leslie Perez Caceres    <leslie.perez.caceres@ulb.ac.be>
#
# This is free software, and you are welcome to redistribute it under certain
# conditions.  See the GNU General Public License for details. There is NO
# WARRANTY; not even for MERCHANTABILITY or FITNESS FOR A PARTICULAR PURPOSE.
#
# irace builds upon previous code from the race package:
#     race: Racing methods for the selection of the best
#     Copyright (C) 2003 Mauro Birattari
#------------------------------------------------------------------------------
# installed at: /home/luispmendes/R/library/irace
# called with: --scenario nsbrkga-scenario-stage2.txt
#------------------------------------------------------------------------------
# irace: An implementation in R of (Elitist) Iterated Racing
# Version: 4.4.3.dd8d85f
# Copyright (C) 2010-2025
# Manuel Lopez-Ibanez     <manuel.lopez-ibanez@manchester.ac.uk>
# Jeremie Dubois-Lacoste
# Leslie Perez Caceres    <leslie.perez.caceres@ulb.ac.be>
#
# This is free software, and you are welcome to redistribute it under certain
# conditions.  See the GNU General Public License for details. There is NO
# WARRANTY; not even for MERCHANTABILITY or FITNESS FOR A PARTICULAR PURPOSE.
#
# irace builds upon previous code from the race package:
#     race: Racing methods for the selection of the best
#     Copyright (C) 2003 Mauro Birattari
#------------------------------------------------------------------------------
# installed at: /home/luispmendes/R/library/irace
# called with: --scenario nsga2-scenario.txt
# 2026-05-27 00:59:18 UTC: Reading parameter file '/home/luispmendes/motsp_irace/irace/nsbrkga-parameters-stage2.txt'.
# 2026-05-27 00:59:18 UTC: 3 expression(s) specifying forbidden configurations read.
#------------------------------------------------------------------------------
# irace: An implementation in R of (Elitist) Iterated Racing
# Version: 4.4.3.dd8d85f
# Copyright (C) 2010-2025
# Manuel Lopez-Ibanez     <manuel.lopez-ibanez@manchester.ac.uk>
# Jeremie Dubois-Lacoste
# Leslie Perez Caceres    <leslie.perez.caceres@ulb.ac.be>
#
# This is free software, and you are welcome to redistribute it under certain
# conditions.  See the GNU General Public License for details. There is NO
# WARRANTY; not even for MERCHANTABILITY or FITNESS FOR A PARTICULAR PURPOSE.
#
# irace builds upon previous code from the race package:
#     race: Racing methods for the selection of the best
#     Copyright (C) 2003 Mauro Birattari
#------------------------------------------------------------------------------
# installed at: /home/luispmendes/R/library/irace
# called with: --scenario moead-scenario.txt
#------------------------------------------------------------------------------
# irace: An implementation in R of (Elitist) Iterated Racing
# Version: 4.4.3.dd8d85f
# Copyright (C) 2010-2025
# Manuel Lopez-Ibanez     <manuel.lopez-ibanez@manchester.ac.uk>
# Jeremie Dubois-Lacoste
# Leslie Perez Caceres    <leslie.perez.caceres@ulb.ac.be>
#
# This is free software, and you are welcome to redistribute it under certain
# conditions.  See the GNU General Public License for details. There is NO
# WARRANTY; not even for MERCHANTABILITY or FITNESS FOR A PARTICULAR PURPOSE.
#
# irace builds upon previous code from the race package:
#     race: Racing methods for the selection of the best
#     Copyright (C) 2003 Mauro Birattari
#------------------------------------------------------------------------------
# installed at: /home/luispmendes/R/library/irace
# called with: --scenario nsbrkga-scenario-stage5.txt
#------------------------------------------------------------------------------
# irace: An implementation in R of (Elitist) Iterated Racing
# Version: 4.4.3.dd8d85f
# Copyright (C) 2010-2025
# Manuel Lopez-Ibanez     <manuel.lopez-ibanez@manchester.ac.uk>
# Jeremie Dubois-Lacoste
# Leslie Perez Caceres    <leslie.perez.caceres@ulb.ac.be>
#
# This is free software, and you are welcome to redistribute it under certain
# conditions.  See the GNU General Public License for details. There is NO
# WARRANTY; not even for MERCHANTABILITY or FITNESS FOR A PARTICULAR PURPOSE.
#
# irace builds upon previous code from the race package:
#     race: Racing methods for the selection of the best
#     Copyright (C) 2003 Mauro Birattari
#------------------------------------------------------------------------------
#------------------------------------------------------------------------------
# irace: An implementation in R of (Elitist) Iterated Racing
# Version: 4.4.3.dd8d85f
# Copyright (C) 2010-2025
# Manuel Lopez-Ibanez     <manuel.lopez-ibanez@manchester.ac.uk>
# Jeremie Dubois-Lacoste
# Leslie Perez Caceres    <leslie.perez.caceres@ulb.ac.be>
#
# This is free software, and you are welcome to redistribute it under certain
# conditions.  See the GNU General Public License for details. There is NO
# WARRANTY; not even for MERCHANTABILITY or FITNESS FOR A PARTICULAR PURPOSE.
#
# irace builds upon previous code from the race package:
#     race: Racing methods for the selection of the best
#     Copyright (C) 2003 Mauro Birattari
#------------------------------------------------------------------------------
# installed at: /home/luispmendes/R/library/irace
# called with: --scenario mhaco-scenario.txt
#------------------------------------------------------------------------------
# irace: An implementation in R of (Elitist) Iterated Racing
# Version: 4.4.3.dd8d85f
# Copyright (C) 2010-2025
# Manuel Lopez-Ibanez     <manuel.lopez-ibanez@manchester.ac.uk>
# Jeremie Dubois-Lacoste
# Leslie Perez Caceres    <leslie.perez.caceres@ulb.ac.be>
#
# This is free software, and you are welcome to redistribute it under certain
# conditions.  See the GNU General Public License for details. There is NO
# WARRANTY; not even for MERCHANTABILITY or FITNESS FOR A PARTICULAR PURPOSE.
#
# irace builds upon previous code from the race package:
#     race: Racing methods for the selection of the best
#     Copyright (C) 2003 Mauro Birattari
#------------------------------------------------------------------------------
# installed at: /home/luispmendes/R/library/irace
# called with: --scenario nsbrkga-scenario-stage6.txt
#------------------------------------------------------------------------------
# irace: An implementation in R of (Elitist) Iterated Racing
# Version: 4.4.3.dd8d85f
# Copyright (C) 2010-2025
# Manuel Lopez-Ibanez     <manuel.lopez-ibanez@manchester.ac.uk>
# Jeremie Dubois-Lacoste
# Leslie Perez Caceres    <leslie.perez.caceres@ulb.ac.be>
#
# This is free software, and you are welcome to redistribute it under certain
# conditions.  See the GNU General Public License for details. There is NO
# WARRANTY; not even for MERCHANTABILITY or FITNESS FOR A PARTICULAR PURPOSE.
#
# irace builds upon previous code from the race package:
#     race: Racing methods for the selection of the best
#     Copyright (C) 2003 Mauro Birattari
#------------------------------------------------------------------------------
# installed at: /home/luispmendes/R/library/irace
# called with: --scenario nsbrkga-scenario-stage1.txt
#------------------------------------------------------------------------------
# irace: An implementation in R of (Elitist) Iterated Racing
# Version: 4.4.3.dd8d85f
# Copyright (C) 2010-2025
# Manuel Lopez-Ibanez     <manuel.lopez-ibanez@manchester.ac.uk>
# Jeremie Dubois-Lacoste
# Leslie Perez Caceres    <leslie.perez.caceres@ulb.ac.be>
#
# This is free software, and you are welcome to redistribute it under certain
# conditions.  See the GNU General Public License for details. There is NO
# WARRANTY; not even for MERCHANTABILITY or FITNESS FOR A PARTICULAR PURPOSE.
#
# irace builds upon previous code from the race package:
#     race: Racing methods for the selection of the best
#     Copyright (C) 2003 Mauro Birattari
#------------------------------------------------------------------------------
# installed at: /home/luispmendes/R/library/irace
# called with: --scenario nspso-scenario.txt
# installed at: /home/luispmendes/R/library/irace
# called with: --scenario nsbrkga-scenario-stage4.txt
#------------------------------------------------------------------------------
# irace: An implementation in R of (Elitist) Iterated Racing
# Version: 4.4.3.dd8d85f
# Copyright (C) 2010-2025
# Manuel Lopez-Ibanez     <manuel.lopez-ibanez@manchester.ac.uk>
# Jeremie Dubois-Lacoste
# Leslie Perez Caceres    <leslie.perez.caceres@ulb.ac.be>
#
# This is free software, and you are welcome to redistribute it under certain
# conditions.  See the GNU General Public License for details. There is NO
# WARRANTY; not even for MERCHANTABILITY or FITNESS FOR A PARTICULAR PURPOSE.
#
# irace builds upon previous code from the race package:
#     race: Racing methods for the selection of the best
#     Copyright (C) 2003 Mauro Birattari
#------------------------------------------------------------------------------
# installed at: /home/luispmendes/R/library/irace
# called with: --scenario ihs-scenario.txt
#------------------------------------------------------------------------------
# irace: An implementation in R of (Elitist) Iterated Racing
# Version: 4.4.3.dd8d85f
# Copyright (C) 2010-2025
# Manuel Lopez-Ibanez     <manuel.lopez-ibanez@manchester.ac.uk>
# Jeremie Dubois-Lacoste
# Leslie Perez Caceres    <leslie.perez.caceres@ulb.ac.be>
#
# This is free software, and you are welcome to redistribute it under certain
# conditions.  See the GNU General Public License for details. There is NO
# WARRANTY; not even for MERCHANTABILITY or FITNESS FOR A PARTICULAR PURPOSE.
#
# irace builds upon previous code from the race package:
#     race: Racing methods for the selection of the best
#     Copyright (C) 2003 Mauro Birattari
#------------------------------------------------------------------------------
# installed at: /home/luispmendes/R/library/irace
# called with: --scenario nsbrkga-scenario-stage3.txt
# 2026-05-27 00:59:18 UTC: Reading parameter file '/home/luispmendes/motsp_irace/irace/nsga2-parameters.txt'.
# 2026-05-27 00:59:18 UTC: Estimating execution time using 5% of 2160000 = 108000
# 2026-05-27 00:59:18 UTC: Estimating execution time using 5% of 2160000 = 108000
# 2026-05-27 00:59:18 UTC: Reading parameter file '/home/luispmendes/motsp_irace/irace/moead-parameters.txt'.
# 2026-05-27 00:59:18 UTC: Reading parameter file '/home/luispmendes/motsp_irace/irace/nsbrkga-parameters-stage5.txt'.
# 2026-05-27 00:59:18 UTC: Reading parameter file '/home/luispmendes/motsp_irace/irace/mhaco-parameters.txt'.
# 2026-05-27 00:59:18 UTC: Reading parameter file '/home/luispmendes/motsp_irace/irace/nsbrkga-parameters-stage4.txt'.
# 2026-05-27 00:59:18 UTC: Reading parameter file '/home/luispmendes/motsp_irace/irace/nsbrkga-parameters-stage6.txt'.
# 2026-05-27 00:59:18 UTC: Reading parameter file '/home/luispmendes/motsp_irace/irace/nsbrkga-parameters-stage1.txt'.
# # 2026-05-27 00:59:18 UTC2026-05-27 00:59:18 UTC: : Reading parameter file '/home/luispmendes/motsp_irace/irace/nsbrkga-parameters-stage3.txt'.
Reading parameter file '/home/luispmendes/motsp_irace/irace/ihs-parameters.txt'.
# 2026-05-27 00:59:18 UTC: Reading parameter file '/home/luispmendes/motsp_irace/irace/nspso-parameters.txt'.
# 2026-05-27 00:59:18 UTC: 2 expression(s) specifying forbidden configurations read.
# 2026-05-27 00:59:18 UTC: 2 expression(s) specifying forbidden configurations read.
# 2026-05-27 00:59:18 UTC: 4 expression(s) specifying forbidden configurations read.
# 2026-05-27 00:59:18 UTC: Estimating execution time using 5% of 2160000 = 108000
# 2026-05-27 00:59:18 UTC: 4 expression(s) specifying forbidden configurations read.
# 2026-05-27 00:59:18 UTC: 4 expression(s) specifying forbidden configurations read.
# 2026-05-27 00:59:18 UTC: 5 expression(s) specifying forbidden configurations read.
# 2026-05-27 00:59:18 UTC: Estimating execution time using 5% of 2160000 = 108000
# 2026-05-27 00:59:18 UTC: Estimating execution time using 5% of 2160000 = 108000
# 2026-05-27 00:59:18 UTC: Estimating execution time using 5% of 2160000 = 108000
# 2026-05-27 00:59:18 UTC: Estimating execution time using 5% of 2160000 = 108000
# 2026-05-27 00:59:18 UTC: Estimating execution time using 5% of 2160000 = 108000
# 2026-05-27 00:59:18 UTC: Estimating execution time using 5% of 2160000 = 108000
# 2026-05-27 00:59:18 UTC: Estimating execution time using 5% of 2160000 = 108000
# 2026-05-27 00:59:18 UTC: Estimating execution time using 5% of 2160000 = 108000
Error: == irace == The output of targetRunner should not be more than two numbers!
== irace == The call to targetRunner was:
/home/luispmendes/motsp_irace/irace/nsbrkga-tunner-stage6.sh 13 5 1652608130 /home/luispmendes/motsp_irace/instances/kroABCD2000.txt  --population-size-factor 59 --min-elites-percentage 0.62 --max-elites-percentage 0.99 --mutation-probability 0.42 --mutation-distribution 35.84 --num-total-parents 5 --num-elite-parents 3 --bias-type 3 --diversity-type 0 --crossover-type 0 --num-populations 2 --exchange-interval 190 --num-exchange-individuals 12 --pr-type 0 --pr-dist-func 0 --pr-percentage 0.21 --pr-interval 906 --shake-interval 409 --shake-intensity 0.23 --shake-distribution 92.4 --reset-interval 630 --reset-intensity 0.43
== irace == The output was:
/home/luispmendes/motsp_irace/irace/nsbrkga-tunner-stage6.sh: line 49: 558774 Segmentation fault      (core dumped) "$SOLVER" --instance "$INSTANCE" --seed "$SEED" --time-limit "$TIME_LIMIT" --pareto "$PARETO_FILE" "${TRANSFORMED_PARAMS[@]}" > /dev/null 2>&1
Inf 7
== irace == This is not a bug in irace, but means that something failed when running the command(s) above or they were terminated before completion. Try to run the command(s) above from the execution directory '/home/luispmendes/motsp_irace/irace' to investigate the issue. See also Appendix B (targetRunner troubleshooting checklist) of the User Guide (https://cran.r-project.org/package=irace/vignettes/irace-package.pdf).
Execution halted
Error: == irace == The output of targetRunner should not be more than two numbers!
== irace == The call to targetRunner was:
/home/luispmendes/motsp_irace/irace/nsbrkga-tunner-stage3.sh 16 5 1854887459 /home/luispmendes/motsp_irace/instances/kroABCD2000.txt  --population-size-factor 30 --min-elites-percentage 0.67 --max-elites-percentage 0.98 --mutation-probability 0.68 --mutation-distribution 24.78 --num-total-parents 5 --num-elite-parents 4 --bias-type 1 --diversity-type 0 --crossover-type 1 --num-populations 2 --exchange-interval 822 --num-exchange-individuals 33 --pr-interval 0 --shake-interval 0 --reset-interval 0
== irace == The output was:
/home/luispmendes/motsp_irace/irace/nsbrkga-tunner-stage3.sh: line 49: 562481 Segmentation fault      (core dumped) "$SOLVER" --instance "$INSTANCE" --seed "$SEED" --time-limit "$TIME_LIMIT" --pareto "$PARETO_FILE" "${TRANSFORMED_PARAMS[@]}" > /dev/null 2>&1
Inf 5
== irace == This is not a bug in irace, but means that something failed when running the command(s) above or they were terminated before completion. Try to run the command(s) above from the execution directory '/home/luispmendes/motsp_irace/irace' to investigate the issue. See also Appendix B (targetRunner troubleshooting checklist) of the User Guide (https://cran.r-project.org/package=irace/vignettes/irace-package.pdf).
Execution halted
# 2026-05-28 05:46:57 UTC: Estimated execution time is 901 based on 23 configurations and 5 instances. Used time: 103566, remaining time: 2056434, remaining budget (experiments): 2282
# 2026-05-28 05:46:57 UTC: Initialization
# Elitist race
# Elitist new instances: 1
# Elitist limit: 2
# nbIterations: 4
# minNbSurvival: 4
# nbParameters: 6
# seed: 510774238
# confidence level: 0.95
# budget: 2282
# time budget: 2056434
# mu: 5
# deterministic: FALSE

# 2026-05-28 05:46:57 UTC: Iteration 1 of 4
# experimentsUsed: 115
# timeUsed: 103566
# boundEstimate: 901
# remainingBudget: 2282
# currentBudget: 570
# nbConfigurations: 95
# Markers:
     x No test is performed.
     c Configurations are discarded only due to capping.
     - The test is performed and some configurations are discarded.
     = The test is performed but no configuration is discarded.
     ! The test is performed and configurations could be discarded but elite configurations are preserved.
     . Alive configurations were already evaluated on this instance and nothing is discarded.
     : All alive configurations are elite, but some need to be evaluated on this instance.

+-+-----------+-----------+-----------+----------------+-----------+--------+-----+----+------+
| |   Instance|      Alive|       Best|       Mean best| Exp so far|  W time|  rho|KenW|  Qvar|
+-+-----------+-----------+-----------+----------------+-----------+--------+-----+----+------+
# 2026-05-28 05:47:04 UTC: Estimated execution time is 901 based on 23 configurations and 5 instances. Used time: 103576, remaining time: 2056424, remaining budget (experiments): 2282
# 2026-05-28 05:47:04 UTC: Initialization
# Elitist race
# Elitist new instances: 1
# Elitist limit: 2
# nbIterations: 5
# minNbSurvival: 5
# nbParameters: 8
# seed: 1374630297
# confidence level: 0.95
# budget: 2282
# time budget: 2056424
# mu: 5
# deterministic: FALSE

# 2026-05-28 05:47:04 UTC: Iteration 1 of 5
# experimentsUsed: 115
# timeUsed: 103576
# boundEstimate: 901
# remainingBudget: 2282
# currentBudget: 456
# nbConfigurations: 76
# Markers:
     x No test is performed.
     c Configurations are discarded only due to capping.
     - The test is performed and some configurations are discarded.
     = The test is performed but no configuration is discarded.
     ! The test is performed and configurations could be discarded but elite configurations are preserved.
     . Alive configurations were already evaluated on this instance and nothing is discarded.
     : All alive configurations are elite, but some need to be evaluated on this instance.

+-+-----------+-----------+-----------+----------------+-----------+--------+-----+----+------+
| |   Instance|      Alive|       Best|       Mean best| Exp so far|  W time|  rho|KenW|  Qvar|
+-+-----------+-----------+-----------+----------------+-----------+--------+-----+----+------+
# 2026-05-28 05:47:05 UTC: Estimated execution time is 901 based on 23 configurations and 5 instances. Used time: 103573, remaining time: 2056427, remaining budget (experiments): 2282
# 2026-05-28 05:47:05 UTC: Initialization
# Elitist race
# Elitist new instances: 1
# Elitist limit: 2
# nbIterations: 4
# minNbSurvival: 4
# nbParameters: 6
# seed: 481503319
# confidence level: 0.95
# budget: 2282
# time budget: 2056427
# mu: 5
# deterministic: FALSE

# 2026-05-28 05:47:05 UTC: Iteration 1 of 4
# experimentsUsed: 115
# timeUsed: 103573
# boundEstimate: 901
# remainingBudget: 2282
# currentBudget: 570
# nbConfigurations: 95
# Markers:
     x No test is performed.
     c Configurations are discarded only due to capping.
     - The test is performed and some configurations are discarded.
     = The test is performed but no configuration is discarded.
     ! The test is performed and configurations could be discarded but elite configurations are preserved.
     . Alive configurations were already evaluated on this instance and nothing is discarded.
     : All alive configurations are elite, but some need to be evaluated on this instance.

+-+-----------+-----------+-----------+----------------+-----------+--------+-----+----+------+
| |   Instance|      Alive|       Best|       Mean best| Exp so far|  W time|  rho|KenW|  Qvar|
+-+-----------+-----------+-----------+----------------+-----------+--------+-----+----+------+
# 2026-05-28 05:47:07 UTC: Estimated execution time is 901 based on 23 configurations and 5 instances. Used time: 103583, remaining time: 2056417, remaining budget (experiments): 2282
# 2026-05-28 05:47:07 UTC: Initialization
# Elitist race
# Elitist new instances: 1
# Elitist limit: 2
# nbIterations: 5
# minNbSurvival: 5
# nbParameters: 10
# seed: 1063988096
# confidence level: 0.95
# budget: 2282
# time budget: 2056417
# mu: 5
# deterministic: FALSE

# 2026-05-28 05:47:07 UTC: Iteration 1 of 5
# experimentsUsed: 115
# timeUsed: 103583
# boundEstimate: 901
# remainingBudget: 2282
# currentBudget: 456
# nbConfigurations: 76
# Markers:
     x No test is performed.
     c Configurations are discarded only due to capping.
     - The test is performed and some configurations are discarded.
     = The test is performed but no configuration is discarded.
     ! The test is performed and configurations could be discarded but elite configurations are preserved.
     . Alive configurations were already evaluated on this instance and nothing is discarded.
     : All alive configurations are elite, but some need to be evaluated on this instance.

+-+-----------+-----------+-----------+----------------+-----------+--------+-----+----+------+
| |   Instance|      Alive|       Best|       Mean best| Exp so far|  W time|  rho|KenW|  Qvar|
+-+-----------+-----------+-----------+----------------+-----------+--------+-----+----+------+
# 2026-05-28 05:47:09 UTC: Estimated execution time is 901 based on 23 configurations and 5 instances. Used time: 103576, remaining time: 2056424, remaining budget (experiments): 2282
# 2026-05-28 05:47:09 UTC: Initialization
# Elitist race
# Elitist new instances: 1
# Elitist limit: 2
# nbIterations: 5
# minNbSurvival: 5
# nbParameters: 8
# seed: 1547275323
# confidence level: 0.95
# budget: 2282
# time budget: 2056424
# mu: 5
# deterministic: FALSE

# 2026-05-28 05:47:09 UTC: Iteration 1 of 5
# experimentsUsed: 115
# timeUsed: 103576
# boundEstimate: 901
# remainingBudget: 2282
# currentBudget: 456
# nbConfigurations: 76
# Markers:
     x No test is performed.
     c Configurations are discarded only due to capping.
     - The test is performed and some configurations are discarded.
     = The test is performed but no configuration is discarded.
     ! The test is performed and configurations could be discarded but elite configurations are preserved.
     . Alive configurations were already evaluated on this instance and nothing is discarded.
     : All alive configurations are elite, but some need to be evaluated on this instance.

+-+-----------+-----------+-----------+----------------+-----------+--------+-----+----+------+
| |   Instance|      Alive|       Best|       Mean best| Exp so far|  W time|  rho|KenW|  Qvar|
+-+-----------+-----------+-----------+----------------+-----------+--------+-----+----+------+
# 2026-05-28 05:47:32 UTC: Estimated execution time is 901 based on 23 configurations and 5 instances. Used time: 103600, remaining time: 2056400, remaining budget (experiments): 2282
# 2026-05-28 05:47:32 UTC: Initialization
# Elitist race
# Elitist new instances: 1
# Elitist limit: 2
# nbIterations: 4
# minNbSurvival: 4
# nbParameters: 5
# seed: 822481099
# confidence level: 0.95
# budget: 2282
# time budget: 2056400
# mu: 5
# deterministic: FALSE

# 2026-05-28 05:47:32 UTC: Iteration 1 of 4
# experimentsUsed: 115
# timeUsed: 103600
# boundEstimate: 901
# remainingBudget: 2282
# currentBudget: 570
# nbConfigurations: 95
# Markers:
     x No test is performed.
     c Configurations are discarded only due to capping.
     - The test is performed and some configurations are discarded.
     = The test is performed but no configuration is discarded.
     ! The test is performed and configurations could be discarded but elite configurations are preserved.
     . Alive configurations were already evaluated on this instance and nothing is discarded.
     : All alive configurations are elite, but some need to be evaluated on this instance.

+-+-----------+-----------+-----------+----------------+-----------+--------+-----+----+------+
| |   Instance|      Alive|       Best|       Mean best| Exp so far|  W time|  rho|KenW|  Qvar|
+-+-----------+-----------+-----------+----------------+-----------+--------+-----+----+------+
# 2026-05-28 05:47:35 UTC: Estimated execution time is 901 based on 23 configurations and 5 instances. Used time: 103602, remaining time: 2056398, remaining budget (experiments): 2282
# 2026-05-28 05:47:35 UTC: Initialization
# Elitist race
# Elitist new instances: 1
# Elitist limit: 2
# nbIterations: 5
# minNbSurvival: 5
# nbParameters: 9
# seed: 416710840
# confidence level: 0.95
# budget: 2282
# time budget: 2056398
# mu: 5
# deterministic: FALSE

# 2026-05-28 05:47:35 UTC: Iteration 1 of 5
# experimentsUsed: 115
# timeUsed: 103602
# boundEstimate: 901
# remainingBudget: 2282
# currentBudget: 456
# nbConfigurations: 76
# Markers:
     x No test is performed.
     c Configurations are discarded only due to capping.
     - The test is performed and some configurations are discarded.
     = The test is performed but no configuration is discarded.
     ! The test is performed and configurations could be discarded but elite configurations are preserved.
     . Alive configurations were already evaluated on this instance and nothing is discarded.
     : All alive configurations are elite, but some need to be evaluated on this instance.

+-+-----------+-----------+-----------+----------------+-----------+--------+-----+----+------+
| |   Instance|      Alive|       Best|       Mean best| Exp so far|  W time|  rho|KenW|  Qvar|
+-+-----------+-----------+-----------+----------------+-----------+--------+-----+----+------+
# 2026-05-28 06:05:20 UTC: Estimated execution time is 910 based on 23 configurations and 5 instances. Used time: 104631, remaining time: 2055369, remaining budget (experiments): 2259
# 2026-05-28 06:05:20 UTC: Initialization
# Elitist race
# Elitist new instances: 1
# Elitist limit: 2
# nbIterations: 6
# minNbSurvival: 6
# nbParameters: 17
# seed: 546749735
# confidence level: 0.95
# budget: 2259
# time budget: 2055369
# mu: 5
# deterministic: FALSE

# 2026-05-28 06:05:20 UTC: Iteration 1 of 6
# experimentsUsed: 115
# timeUsed: 104631
# boundEstimate: 910
# remainingBudget: 2259
# currentBudget: 376
# nbConfigurations: 62
# Markers:
     x No test is performed.
     c Configurations are discarded only due to capping.
     - The test is performed and some configurations are discarded.
     = The test is performed but no configuration is discarded.
     ! The test is performed and configurations could be discarded but elite configurations are preserved.
     . Alive configurations were already evaluated on this instance and nothing is discarded.
     : All alive configurations are elite, but some need to be evaluated on this instance.

+-+-----------+-----------+-----------+----------------+-----------+--------+-----+----+------+
| |   Instance|      Alive|       Best|       Mean best| Exp so far|  W time|  rho|KenW|  Qvar|
+-+-----------+-----------+-----------+----------------+-----------+--------+-----+----+------+
# 2026-05-28 06:07:47 UTC: Estimated execution time is 912 based on 23 configurations and 5 instances. Used time: 104794, remaining time: 2055206, remaining budget (experiments): 2254
# 2026-05-28 06:07:47 UTC: Initialization
# Elitist race
# Elitist new instances: 1
# Elitist limit: 2
# nbIterations: 6
# minNbSurvival: 6
# nbParameters: 20
# seed: 1490736708
# confidence level: 0.95
# budget: 2254
# time budget: 2055206
# mu: 5
# deterministic: FALSE

# 2026-05-28 06:07:47 UTC: Iteration 1 of 6
# experimentsUsed: 115
# timeUsed: 104794
# boundEstimate: 912
# remainingBudget: 2254
# currentBudget: 375
# nbConfigurations: 62
# Markers:
     x No test is performed.
     c Configurations are discarded only due to capping.
     - The test is performed and some configurations are discarded.
     = The test is performed but no configuration is discarded.
     ! The test is performed and configurations could be discarded but elite configurations are preserved.
     . Alive configurations were already evaluated on this instance and nothing is discarded.
     : All alive configurations are elite, but some need to be evaluated on this instance.

+-+-----------+-----------+-----------+----------------+-----------+--------+-----+----+------+
| |   Instance|      Alive|       Best|       Mean best| Exp so far|  W time|  rho|KenW|  Qvar|
+-+-----------+-----------+-----------+----------------+-----------+--------+-----+----+------+
|x|          4|         46|         42|-3.542870000e+18|         23|05:45:36|   NA|  NA|    NA|
|x|          3|         49|         18|-1.017290000e+27|         26|06:48:06|   NA|  NA|    NA|
|x|          2|         65|         39|-2.644150000e+18|         42|10:30:18|   NA|  NA|    NA|
|x|          3|         46|         21|-1.715955050e+18|         46|05:45:15|+0.63|0.81|0.3904|
|x|          3|         71|         71|-3.125470000e+24|         48|12:00:26|   NA|  NA|    NA|
|x|          4|         76|         46|-1.097140000e+11|         53|13:15:06|   NA|  NA|    NA|
|x|          5|         76|         37|-1.603140000e+27|         53|13:20:25|   NA|  NA|    NA|
|x|          2|         49|         26|-5.069200017e+26|         52|06:30:22|+0.68|0.84|0.2783|
|x|          5|         79|         52|-2.650050000e+24|         56|14:00:24|   NA|  NA|    NA|
|x|          1|         46|         21|-1.390171144e+24|         69|05:48:41|+0.68|0.79|0.3061|
|x|          1|         95|         74|-9.915720000e+10|         72|18:00:08|   NA|  NA|    NA|
|x|          1|         95|         89|-3.349820000e+18|         72|18:00:28|   NA|  NA|    NA|
|x|          4|         49|         26|-3.393647878e+26|         78|06:34:06|+0.73|0.82|0.2336|
|x|          3|         65|         60|-1.268460050e+18|         84|10:30:06|+0.78|0.89|0.3432|
|x|          2|         46|         42|-2.549210159e+26|         92|06:19:44|+0.72|0.79|0.2777|
|x|          4|         71|         41|-1.431520000e+24|         96|12:00:04|+0.54|0.77|0.5270|
|x|          3|         76|         59|-1.781770053e+18|        106|13:15:20|+0.87|0.93|0.1978|
|x|          2|         76|         38|-7.126400025e+26|        106|13:15:26|+0.75|0.87|0.2750|
|x|          1|         49|         26|-2.545235908e+26|        104|06:30:05|+0.64|0.73|0.3350|
|x|          4|         79|         53|-1.314825073e+24|        112|14:00:08|+0.38|0.69|0.6110|
|-|          5|          6|         42|-2.039368128e+26|        115|05:45:18|+0.46|0.57|0.3807|
+-+-----------+-----------+-----------+----------------+-----------+--------+-----+----+------+
Best-so-far configuration:          42    mean value: -2.039368128e+26
Description of the best-so-far configuration:
   .ID. population_size_factor min_elites_percentage max_elites_percentage mutation_probability mutation_distribution num_total_parents num_elite_parents bias_type diversity_type crossover_type num_populations exchange_interval num_exchange_individuals pr_type pr_dist_func pr_percentage pr_interval shake_interval shake_intensity shake_distribution reset_interval .PARENT.
42   42                    107                  0.08                  0.75                 0.95                 42.32                 2                 1         6              1              1               4               446                       65       1            2          0.68           8            646            0.15                 68              0       NA

# 2026-05-29 11:32:24 UTC: Elite configurations (first number is the configuration ID; listed from best to worst according to the sum of ranks):
   population_size_factor min_elites_percentage max_elites_percentage mutation_probability mutation_distribution num_total_parents num_elite_parents bias_type diversity_type crossover_type num_populations exchange_interval num_exchange_individuals pr_type pr_dist_func pr_percentage pr_interval shake_interval shake_intensity shake_distribution reset_interval
42                    107                  0.08                  0.75                 0.95                 42.32                 2                 1         6              1              1               4               446                       65       1            2          0.68           8            646            0.15              68.00              0
21                     26                  0.56                  0.71                 0.90                 23.85                 5                 5         3              0              0               3               390                       25       1            2          0.50         496            975            0.80              13.11              0
37                     40                  0.41                  0.63                 0.08                 61.65                 5                 4         6              3              0               2               595                       48       1            0          0.62         938            404            0.29              31.65              0
2                      74                  0.02                  0.53                 0.33                 12.25                 5                 3         0              0              1               3               257                       25       0            0          0.47         493            394            0.18               7.49              0
20                    107                  0.36                  0.69                 0.88                 84.89                 4                 4         6              0              1               4               609                       57       1            2          0.87         617            194            0.03              54.25              0
12                    115                  0.39                  0.49                 0.72                 78.18                 4                 4         5              1              0               5               183                        1       1            2          0.97         451            880            0.24              15.42              0
# 2026-05-29 11:32:24 UTC: Iteration 2 of 6
# experimentsUsed: 230
# timeUsed: 210535
# boundEstimate: 915.369565217391
# remainingBudget: 2130
# currentBudget: 426
# nbConfigurations: 65
# Markers:
     x No test is performed.
     c Configurations are discarded only due to capping.
     - The test is performed and some configurations are discarded.
     = The test is performed but no configuration is discarded.
     ! The test is performed and configurations could be discarded but elite configurations are preserved.
     . Alive configurations were already evaluated on this instance and nothing is discarded.
     : All alive configurations are elite, but some need to be evaluated on this instance.

+-+-----------+-----------+-----------+----------------+-----------+--------+-----+----+------+
| |   Instance|      Alive|       Best|       Mean best| Exp so far|  W time|  rho|KenW|  Qvar|
+-+-----------+-----------+-----------+----------------+-----------+--------+-----+----+------+
|x|          5|         65|         60|-9.079267002e+17|        126|10:30:08|+0.78|0.85|0.2481|
|-|          5|          7|         26|-2.036188727e+26|        130|06:30:07|+0.34|0.47|0.5279|
|-|          6|          2|         26|-1.696823940e+26|        137|01:45:04|-0.07|0.11|0.5333|
+-+-----------+-----------+-----------+----------------+-----------+--------+-----+----+------+
Best-so-far configuration:          26    mean value: -1.696823940e+26
Description of the best-so-far configuration:
   .ID. population_size_factor min_elites_percentage max_elites_percentage mutation_probability mutation_distribution num_total_parents num_elite_parents bias_type diversity_type crossover_type num_populations exchange_interval num_exchange_individuals pr_type pr_dist_func pr_percentage pr_interval shake_interval reset_interval .PARENT.
26   26                     59                  0.48                  0.61                 0.74                  3.44                 5                 3         0              2              1               4               331                       21       1            2          0.59          77              0              0       NA

# 2026-05-29 16:43:13 UTC: Elite configurations (first number is the configuration ID; listed from best to worst according to the sum of ranks):
   population_size_factor min_elites_percentage max_elites_percentage mutation_probability mutation_distribution num_total_parents num_elite_parents bias_type diversity_type crossover_type num_populations exchange_interval num_exchange_individuals pr_type pr_dist_func pr_percentage pr_interval shake_interval reset_interval
26                     59                  0.48                  0.61                 0.74                  3.44                 5                 3         0              2              1               4               331                       21       1            2          0.59          77              0              0
5                      31                  0.18                  0.78                 0.93                 10.19                 3                 3         0              3              0               3               266                       25       1            2          0.53          77              0              0
# 2026-05-29 16:43:13 UTC: Iteration 2 of 6
# experimentsUsed: 252
# timeUsed: 229157
# boundEstimate: 909.353174603175
# remainingBudget: 2123
# currentBudget: 424
# nbConfigurations: 62
# Markers:
     x No test is performed.
     c Configurations are discarded only due to capping.
     - The test is performed and some configurations are discarded.
     = The test is performed but no configuration is discarded.
     ! The test is performed and configurations could be discarded but elite configurations are preserved.
     . Alive configurations were already evaluated on this instance and nothing is discarded.
     : All alive configurations are elite, but some need to be evaluated on this instance.

+-+-----------+-----------+-----------+----------------+-----------+--------+-----+----+------+
| |   Instance|      Alive|       Best|       Mean best| Exp so far|  W time|  rho|KenW|  Qvar|
+-+-----------+-----------+-----------+----------------+-----------+--------+-----+----+------+
|x|          2|         95|         52|-9.453954821e+16|        144|18:00:10|+0.34|0.67|0.5800|
|x|          1|         71|         19|-9.424333940e+23|        144|12:00:06|+0.62|0.75|0.3846|
|x|          5|         95|         89|-4.569585017e+26|        144|18:06:57|+0.78|0.89|0.0713|
|x|          5|         76|         74|-1.318158702e+18|        159|13:15:08|+0.91|0.94|0.1254|
|x|          3|         76|         38|-4.750933350e+26|        159|13:15:06|+0.39|0.59|0.5879|
|x|          2|         79|         48|-8.822607445e+23|        168|14:00:18|+0.30|0.53|0.7152|
|x|          4|         65|         33|-7.557231761e+23|        168|10:30:21|+0.74|0.81|0.3418|
|x|          6|         65|         83|-1.210640000e+27|         65|16:53:03|   NA|  NA|    NA|
|x|          2|         71|         41|-1.957167600e+26|        192|12:04:21|+0.49|0.62|0.3986|
|x|          7|         62|         91|-3.662680000e+18|         62|15:32:18|   NA|  NA|    NA|
|-|          1|         13|         33|-1.593359785e+26|        210|10:33:58|+0.35|0.48|0.6225|
|x|          2|         76|         74|-1.235975989e+24|        212|13:15:29|+0.92|0.94|0.1128|
|x|          1|         76|         38|-3.563200013e+26|        212|13:15:13|+0.52|0.64|0.4587|
|x|          4|         95|         26|-1.077080063e+24|        216|18:00:38|+0.34|0.56|0.5404|
|x|          4|         95|         89|-3.046390011e+26|        216|18:00:08|+0.76|0.84|0.1976|
|-|          6|          5|         33|-2.638868155e+26|        223|03:16:13|+0.19|0.32|0.7140|
+-+-----------+-----------+-----------+----------------+-----------+--------+-----+----+------+
Best-so-far configuration:          33    mean value: -2.638868155e+26
Description of the best-so-far configuration:
   .ID. population_size_factor min_elites_percentage max_elites_percentage mutation_probability mutation_distribution num_total_parents num_elite_parents bias_type diversity_type crossover_type num_populations exchange_interval num_exchange_individuals pr_interval shake_interval reset_interval .PARENT.
33   33                     93                  0.38                  0.84                 0.11                 84.57                 4                 4         2              0              1               1                 0                        1           0              0              0       NA

# 2026-05-30 13:38:15 UTC: Elite configurations (first number is the configuration ID; listed from best to worst according to the sum of ranks):
   population_size_factor min_elites_percentage max_elites_percentage mutation_probability mutation_distribution num_total_parents num_elite_parents bias_type diversity_type crossover_type num_populations exchange_interval num_exchange_individuals pr_interval shake_interval reset_interval
33                     93                  0.38                  0.84                 0.11                 84.57                 4                 4         2              0              1               1                 0                        1           0              0              0
39                    120                  0.18                  0.21                 0.00                  5.68                 2                 2         6              3              0               1                 0                        1           0              0              0
23                     74                  0.04                  0.41                 0.10                 76.50                 2                 1         6              2              0               1                 0                        1           0              0              0
60                     64                  0.25                  0.94                 0.03                 60.60                 5                 4         0              2              0               1                 0                        1           0              0              0
4                      43                  0.39                  0.56                 0.15                 40.48                 4                 3         2              1              0               1                 0                        1           0              0              0
# 2026-05-30 13:38:15 UTC: Iteration 2 of 5
# experimentsUsed: 338
# timeUsed: 304464
# boundEstimate: 900.781065088757
# remainingBudget: 2060
# currentBudget: 515
# nbConfigurations: 77
# Markers:
     x No test is performed.
     c Configurations are discarded only due to capping.
     - The test is performed and some configurations are discarded.
     = The test is performed but no configuration is discarded.
     ! The test is performed and configurations could be discarded but elite configurations are preserved.
     . Alive configurations were already evaluated on this instance and nothing is discarded.
     : All alive configurations are elite, but some need to be evaluated on this instance.

+-+-----------+-----------+-----------+----------------+-----------+--------+-----+----+------+
| |   Instance|      Alive|       Best|       Mean best| Exp so far|  W time|  rho|KenW|  Qvar|
+-+-----------+-----------+-----------+----------------+-----------+--------+-----+----+------+
|x|          3|         79|         48|-6.616955584e+23|        224|14:00:06|+0.33|0.50|0.7063|
|-|          5|         16|         41|-1.565734085e+26|        240|12:00:18|+0.40|0.52|0.5440|
|x|          2|         65|         83|-1.200305000e+27|        124|15:18:23|+0.86|0.93|0.0679|
|-|          6|          7|          5|-1.302444242e+26|        256|04:00:06|+0.03|0.19|0.7649|
|x|          5|         62|         91|-1.935445000e+18|        122|15:00:42|+0.90|0.95|0.0716|
|=|          7|          7|          5|-1.116380779e+26|        263|01:45:00|+0.01|0.15|0.8298|
|-|          1|         12|         63|-1.902921067e+26|        265|13:20:10|+0.25|0.40|0.6448|
|-|          4|         16|         14|-2.639063630e+26|        265|13:15:57|+0.31|0.45|0.6822|
|=|          8|          7|          5|-9.805344063e+25|        270|01:45:06|+0.07|0.19|0.7741|
+-+-----------+-----------+-----------+----------------+-----------+--------+-----+----+------+
Best-so-far configuration:           5    mean value: -9.805344063e+25
Description of the best-so-far configuration:
  .ID. population_size_factor elites_percentage mutation_probability mutation_distribution num_total_parents num_elite_parents bias_type crossover_type diversity_type num_populations exchange_interval num_exchange_individuals pr_interval shake_interval reset_interval .PARENT.
5    5                     73              0.45                 0.12                 54.33                 2                 2         1              0              0               1                 0                        1           0              0              0       NA

# 2026-05-31 01:22:35 UTC: Elite configurations (first number is the configuration ID; listed from best to worst according to the sum of ranks):
   population_size_factor elites_percentage mutation_probability mutation_distribution num_total_parents num_elite_parents bias_type crossover_type diversity_type num_populations exchange_interval num_exchange_individuals pr_interval shake_interval reset_interval
5                      73              0.45                 0.12                 54.33                 2                 2         1              0              0               1                 0                        1           0              0              0
71                     83              0.12                 0.02                 89.93                 4                 2         2              1              0               1                 0                        1           0              0              0
41                    120              0.40                 0.17                 65.95                 4                 2         1              0              0               1                 0                        1           0              0              0
9                      76              0.27                 0.08                 71.93                 5                 3         4              0              0               1                 0                        1           0              0              0
61                     74              0.11                 0.12                 67.50                 2                 1         3              0              0               1                 0                        1           0              0              0
# 2026-05-31 01:22:35 UTC: Iteration 2 of 5
# experimentsUsed: 385
# timeUsed: 346722
# boundEstimate: 900.576623376623
# remainingBudget: 2013
# currentBudget: 503
# nbConfigurations: 60
# Markers:
     x No test is performed.
     c Configurations are discarded only due to capping.
     - The test is performed and some configurations are discarded.
     = The test is performed but no configuration is discarded.
     ! The test is performed and configurations could be discarded but elite configurations are preserved.
     . Alive configurations were already evaluated on this instance and nothing is discarded.
     : All alive configurations are elite, but some need to be evaluated on this instance.

+-+-----------+-----------+-----------+----------------+-----------+--------+-----+----+------+
| |   Instance|      Alive|       Best|       Mean best| Exp so far|  W time|  rho|KenW|  Qvar|
+-+-----------+-----------+-----------+----------------+-----------+--------+-----+----+------+
|-|          6|          6|         74|-1.285501513e+26|        277|03:00:04|+0.10|0.25|0.6512|
|-|          1|         31|          4|-1.486122824e+26|        280|14:05:08|-0.03|0.18|1.0210|
|-|          6|          6|         38|-2.385619417e+26|        281|04:00:10|+0.30|0.42|0.5543|
|=|          7|          6|         74|-1.108554154e+26|        283|01:30:03|+0.18|0.29|0.5813|
|-|          7|          4|         14|-1.885045457e+26|        287|01:30:00|+0.14|0.27|0.6331|
+-+-----------+-----------+-----------+----------------+-----------+--------+-----+----+------+
Best-so-far configuration:          14    mean value: -1.885045457e+26
Description of the best-so-far configuration:
   .ID. population_size_factor weight_generation decomposition neighbours   cr    f eta_m realb limit .PARENT.
14   14                     55            random      weighted         24 0.03 0.24  2.12  0.56    16       NA

# 2026-05-31 05:39:57 UTC: Elite configurations (first number is the configuration ID; listed from best to worst according to the sum of ranks):
   population_size_factor weight_generation decomposition neighbours   cr    f eta_m realb limit
14                     55            random      weighted         24 0.03 0.24  2.12  0.56    16
38                     57   low discrepancy      weighted         28 0.12 0.41 14.03  0.97     3
8                      26   low discrepancy      weighted         13 0.92 0.04 22.78  0.87     4
61                    109   low discrepancy      weighted         26 0.26 0.79 21.69  0.37    10
# 2026-05-31 05:39:57 UTC: Iteration 2 of 5
# experimentsUsed: 402
# timeUsed: 362133
# boundEstimate: 900.828358208955
# remainingBudget: 1996
# currentBudget: 499
# nbConfigurations: 65
# Markers:
     x No test is performed.
     c Configurations are discarded only due to capping.
     - The test is performed and some configurations are discarded.
     = The test is performed but no configuration is discarded.
     ! The test is performed and configurations could be discarded but elite configurations are preserved.
     . Alive configurations were already evaluated on this instance and nothing is discarded.
     : All alive configurations are elite, but some need to be evaluated on this instance.

+-+-----------+-----------+-----------+----------------+-----------+--------+-----+----+------+
| |   Instance|      Alive|       Best|       Mean best| Exp so far|  W time|  rho|KenW|  Qvar|
+-+-----------+-----------+-----------+----------------+-----------+--------+-----+----+------+
|x|          5|         95|         68|-1.923878300e+26|        288|18:07:11|+0.22|0.42|0.7049|
|x|          2|         95|         89|-2.295278383e+26|        288|18:01:00|+0.79|0.84|0.1593|
|-|          8|          2|         74|-1.972509884e+26|        289|01:30:32|+0.14|0.25|0.4286|
+-+-----------+-----------+-----------+----------------+-----------+--------+-----+----+------+
Best-so-far configuration:          74    mean value: -1.972509884e+26
Description of the best-so-far configuration:
   .ID. population_size_factor omega   c1   c2  chi v_coeff leader_selection_range diversity_mechanism .PARENT.
74   74                     31  0.25 2.63 1.48 0.15    0.22                     91   crowding distance       NA

# 2026-05-31 06:09:06 UTC: Elite configurations (first number is the configuration ID; listed from best to worst according to the sum of ranks):
   population_size_factor omega   c1   c2  chi v_coeff leader_selection_range diversity_mechanism
74                     31  0.25 2.63 1.48 0.15    0.22                     91   crowding distance
63                    110  0.97 0.01 3.60 0.19    0.25                    100   crowding distance
# 2026-05-31 06:09:06 UTC: Iteration 2 of 5
# experimentsUsed: 404
# timeUsed: 363866
# boundEstimate: 900.658415841584
# remainingBudget: 1994
# currentBudget: 498
# nbConfigurations: 57
# Markers:
     x No test is performed.
     c Configurations are discarded only due to capping.
     - The test is performed and some configurations are discarded.
     = The test is performed but no configuration is discarded.
     ! The test is performed and configurations could be discarded but elite configurations are preserved.
     . Alive configurations were already evaluated on this instance and nothing is discarded.
     : All alive configurations are elite, but some need to be evaluated on this instance.

+-+-----------+-----------+-----------+----------------+-----------+--------+-----+----+------+
| |   Instance|      Alive|       Best|       Mean best| Exp so far|  W time|  rho|KenW|  Qvar|
+-+-----------+-----------+-----------+----------------+-----------+--------+-----+----+------+
|x|          7|         77|        108|-3.296270000e+18|         77|19:15:42|   NA|  NA|    NA|
|x|          5|         65|         53|-6.812533334e+26|        183|14:46:56|+0.70|0.80|0.2025|
|=|          6|         31|         64|-2.475951187e+26|        311|07:47:36|-0.00|0.16|0.9907|
|x|          6|         62|         91|-1.366451000e+18|        182|15:00:40|+0.89|0.93|0.0822|
Error: == irace == The output of targetRunner should not be more than two numbers!
== irace == The call to targetRunner was:
/home/luispmendes/motsp_irace/irace/nsbrkga-tunner-stage2.sh 92 5 1078835387 /home/luispmendes/motsp_irace/instances/kroABCD2000.txt  --population-size-factor 30 --min-elites-percentage 0.58 --max-elites-percentage 0.98 --mutation-probability 0.17 --mutation-distribution 39.88 --num-total-parents 4 --num-elite-parents 2 --bias-type 2 --diversity-type 3 --crossover-type 0 --num-populations 1 --exchange-interval 0 --num-exchange-individuals 1 --pr-interval 0 --shake-interval 0 --reset-interval 0
== irace == The output was:
/home/luispmendes/motsp_irace/irace/nsbrkga-tunner-stage2.sh: line 49: 628484 Segmentation fault      (core dumped) "$SOLVER" --instance "$INSTANCE" --seed "$SEED" --time-limit "$TIME_LIMIT" --pareto "$PARETO_FILE" "${TRANSFORMED_PARAMS[@]}" > /dev/null 2>&1
Inf 13
== irace == This is not a bug in irace, but means that something failed when running the command(s) above or they were terminated before completion. Try to run the command(s) above from the execution directory '/home/luispmendes/motsp_irace/irace' to investigate the issue. See also Appendix B (targetRunner troubleshooting checklist) of the User Guide (https://cran.r-project.org/package=irace/vignettes/irace-package.pdf).
Execution halted
|x|          9|         60|         91|-2.297100000e+17|         60|15:00:08|   NA|  NA|    NA|
|=|          7|         31|          4|-2.117930589e+26|        342|07:45:04|+0.04|0.18|0.9229|
+-+-----------+-----------+-----------+----------------+-----------+--------+-----+----+------+
Best-so-far configuration:           4    mean value: -2.117930589e+26
Description of the best-so-far configuration:
  .ID. population_size_factor    phmcr ppar_min ppar_max  bw_min   bw_max .PARENT.
4    4                     36 0.955431 0.085715  0.61224 0.16123 0.628555       NA

# 2026-05-31 19:25:45 UTC: Elite configurations (first number is the configuration ID; listed from best to worst according to the sum of ranks):
   population_size_factor    phmcr ppar_min ppar_max   bw_min   bw_max
4                      36 0.955431 0.085715 0.612240 0.161230 0.628555
48                     27 0.798262 0.217978 0.825982 0.114150 0.872684
64                     36 0.132168 0.746259 0.806841 0.183760 0.313778
19                     35 0.838294 0.381706 0.871309 0.177533 0.296091
# 2026-05-31 19:25:45 UTC: Iteration 2 of 4
# experimentsUsed: 457
# timeUsed: 411599
# boundEstimate: 900.654266958425
# remainingBudget: 1941
# currentBudget: 647
# nbConfigurations: 84
# Markers:
     x No test is performed.
     c Configurations are discarded only due to capping.
     - The test is performed and some configurations are discarded.
     = The test is performed but no configuration is discarded.
     ! The test is performed and configurations could be discarded but elite configurations are preserved.
     . Alive configurations were already evaluated on this instance and nothing is discarded.
     : All alive configurations are elite, but some need to be evaluated on this instance.

+-+-----------+-----------+-----------+----------------+-----------+--------+-----+----+------+
| |   Instance|      Alive|       Best|       Mean best| Exp so far|  W time|  rho|KenW|  Qvar|
+-+-----------+-----------+-----------+----------------+-----------+--------+-----+----+------+
|x|          9|         57|         74|-2.597730000e+17|         57|14:15:09|   NA|  NA|    NA|
|x|          8|         65|        134|-3.301690000e+17|         65|16:15:16|   NA|  NA|    NA|
|-|          3|         19|         68|-1.539102646e+26|        360|18:00:26|+0.01|0.21|0.7435|
|-|          3|         14|         89|-1.836222707e+26|        360|18:00:13|+0.81|0.85|0.2029|
|x|          4|         65|         42|-5.091975009e+26|        242|14:49:04|+0.73|0.80|0.2133|
|-|          6|          2|         89|-1.530185595e+26|        374|03:30:08|+0.33|0.44|0.3333|
+-+-----------+-----------+-----------+----------------+-----------+--------+-----+----+------+
Best-so-far configuration:          89    mean value: -1.530185595e+26
Description of the best-so-far configuration:
   .ID. population_size_factor crossover_probability crossover_distribution mutation_probability mutation_distribution .PARENT.
89   89                     33                  0.49                  41.04                 0.02                 53.66       NA

# 2026-06-01 03:26:28 UTC: Elite configurations (first number is the configuration ID; listed from best to worst according to the sum of ranks):
   population_size_factor crossover_probability crossover_distribution mutation_probability mutation_distribution
89                     33                  0.49                  41.04                 0.02                 53.66
9                     104                  0.35                  82.65                 0.01                 77.55
# 2026-06-01 03:26:28 UTC: Iteration 2 of 4
# experimentsUsed: 489
# timeUsed: 440468
# boundEstimate: 900.752556237219
# remainingBudget: 1909
# currentBudget: 636
# nbConfigurations: 92
# Markers:
     x No test is performed.
     c Configurations are discarded only due to capping.
     - The test is performed and some configurations are discarded.
     = The test is performed but no configuration is discarded.
     ! The test is performed and configurations could be discarded but elite configurations are preserved.
     . Alive configurations were already evaluated on this instance and nothing is discarded.
     : All alive configurations are elite, but some need to be evaluated on this instance.

+-+-----------+-----------+-----------+----------------+-----------+--------+-----+----+------+
| |   Instance|      Alive|       Best|       Mean best| Exp so far|  W time|  rho|KenW|  Qvar|
+-+-----------+-----------+-----------+----------------+-----------+--------+-----+----+------+
|=|          6|         19|         68|-2.551265538e+26|        379|04:46:51|+0.06|0.21|0.7353|
|x|          7|         60|         77|-1.049835502e+17|        115|13:45:05|+0.80|0.90|0.2715|
|x|          3|         62|         91|-2.533175010e+26|        242|16:06:06|+0.81|0.86|0.1518|
|=|          7|         19|         68|-2.190896747e+26|        398|04:45:09|+0.10|0.23|0.6925|
+-+-----------+-----------+-----------+----------------+-----------+--------+-----+----+------+
Best-so-far configuration:          68    mean value: -2.190896747e+26
Description of the best-so-far configuration:
   .ID. population_size_factor ker    q threshold n_gen_mark focus .PARENT.
68   68                    101   6 0.66        89         25  5.65       NA

# 2026-06-01 09:27:43 UTC: Elite configurations (first number is the configuration ID; listed from best to worst according to the sum of ranks):
   population_size_factor ker    q threshold n_gen_mark focus
68                    101   6 0.66        89         25  5.65
46                     77   4 1.63        34         64  9.56
1                     107   8 1.44        10          4  3.04
52                     71  10 1.00        41         95  3.93
# 2026-06-01 09:27:43 UTC: Iteration 2 of 4
# experimentsUsed: 513
# timeUsed: 462078
# boundEstimate: 900.736842105263
# remainingBudget: 1885
# currentBudget: 628
# nbConfigurations: 82
# Markers:
     x No test is performed.
     c Configurations are discarded only due to capping.
     - The test is performed and some configurations are discarded.
     = The test is performed but no configuration is discarded.
     ! The test is performed and configurations could be discarded but elite configurations are preserved.
     . Alive configurations were already evaluated on this instance and nothing is discarded.
     : All alive configurations are elite, but some need to be evaluated on this instance.

+-+-----------+-----------+-----------+----------------+-----------+--------+-----+----+------+
| |   Instance|      Alive|       Best|       Mean best| Exp so far|  W time|  rho|KenW|  Qvar|
+-+-----------+-----------+-----------+----------------+-----------+--------+-----+----+------+
|x|          8|         57|        131|-5.542050001e+26|        112|13:49:50|+0.26|0.63|0.7896|
|x|          5|         65|        137|-8.327550002e+26|        126|15:21:08|+0.61|0.81|0.3854|
|-|          1|         14|         42|-4.082848128e+26|        301|14:52:55|+0.59|0.67|0.4129|
|x|          8|         84|        118|-1.003290000e+11|         84|21:00:09|   NA|  NA|    NA|
|-|          3|          5|         53|-3.413412956e+26|        309|02:00:00|+0.07|0.23|0.8375|
+-+-----------+-----------+-----------+----------------+-----------+--------+-----+----+------+
Best-so-far configuration:          53    mean value: -3.413412956e+26
Description of the best-so-far configuration:
   .ID. population_size_factor min_elites_percentage max_elites_percentage mutation_probability mutation_distribution num_total_parents num_elite_parents bias_type diversity_type crossover_type num_populations exchange_interval num_exchange_individuals pr_type pr_dist_func pr_percentage pr_interval shake_interval shake_intensity shake_distribution reset_interval .PARENT.
53   53                    101                  0.49                  0.56                 0.91                  9.96                 3                 1         0              0              1               4               423                       93       1            0          0.81          83            687            0.43              85.02              0       42

# 2026-06-01 18:12:50 UTC: Elite configurations (first number is the configuration ID; listed from best to worst according to the sum of ranks):
   population_size_factor min_elites_percentage max_elites_percentage mutation_probability mutation_distribution num_total_parents num_elite_parents bias_type diversity_type crossover_type num_populations exchange_interval num_exchange_individuals pr_type pr_dist_func pr_percentage pr_interval shake_interval shake_intensity shake_distribution reset_interval
53                    101                  0.49                  0.56                 0.91                  9.96                 3                 1         0              0              1               4               423                       93       1            0          0.81          83            687            0.43              85.02              0
83                    118                  0.09                  0.47                 0.00                 78.71                 5                 5         4              0              0               2               416                        7       0            0          0.33         493            258            0.41              89.55              0
42                    107                  0.08                  0.75                 0.95                 42.32                 2                 1         6              1              1               4               446                       65       1            2          0.68           8            646            0.15              68.00              0
75                     64                  0.14                  0.23                 0.83                 13.51                 2                 1         6              2              1               5               904                       47       1            1          0.49          59            499            0.17              87.73              0
21                     26                  0.56                  0.71                 0.90                 23.85                 5                 5         3              0              0               3               390                       25       1            2          0.50         496            975            0.80              13.11              0
# 2026-06-01 18:12:50 UTC: Iteration 3 of 6
# experimentsUsed: 539
# timeUsed: 493267
# boundEstimate: 915.152133580705
# remainingBudget: 1821
# currentBudget: 455
# nbConfigurations: 60
# Markers:
     x No test is performed.
     c Configurations are discarded only due to capping.
     - The test is performed and some configurations are discarded.
     = The test is performed but no configuration is discarded.
     ! The test is performed and configurations could be discarded but elite configurations are preserved.
     . Alive configurations were already evaluated on this instance and nothing is discarded.
     : All alive configurations are elite, but some need to be evaluated on this instance.

+-+-----------+-----------+-----------+----------------+-----------+--------+-----+----+------+
| |   Instance|      Alive|       Best|       Mean best| Exp so far|  W time|  rho|KenW|  Qvar|
+-+-----------+-----------+-----------+----------------+-----------+--------+-----+----+------+
|x|          1|         60|         91|-1.529826997e+17|        170|13:45:07|+0.82|0.88|0.2113|
|-|          2|         10|         91|-2.026540015e+26|        302|15:02:49|+0.07|0.26|0.8540|
|=|          1|         10|         91|-1.688783346e+26|        310|02:00:02|+0.09|0.24|0.8087|
|x|          4|         57|        131|-3.694700001e+26|        167|13:45:06|+0.46|0.64|0.5515|
|-|          4|          4|         91|-1.453634297e+26|        318|02:05:46|+0.01|0.15|0.7078|
+-+-----------+-----------+-----------+----------------+-----------+--------+-----+----+------+
Best-so-far configuration:          91    mean value: -1.453634297e+26
Description of the best-so-far configuration:
   .ID. population_size_factor min_elites_percentage max_elites_percentage mutation_probability mutation_distribution num_total_parents num_elite_parents bias_type diversity_type crossover_type num_populations exchange_interval num_exchange_individuals pr_type pr_dist_func pr_percentage pr_interval shake_interval reset_interval .PARENT.
91   91                     44                  0.19                  0.49                 0.78                 14.82                 5                 3         4              2              0               3               306                        1       1            2          0.67          27              0              0       26

# 2026-06-02 01:31:41 UTC: Elite configurations (first number is the configuration ID; listed from best to worst according to the sum of ranks):
    population_size_factor min_elites_percentage max_elites_percentage mutation_probability mutation_distribution num_total_parents num_elite_parents bias_type diversity_type crossover_type num_populations exchange_interval num_exchange_individuals pr_type pr_dist_func pr_percentage pr_interval shake_interval reset_interval
91                      44                  0.19                  0.49                 0.78                 14.82                 5                 3         4              2              0               3               306                        1       1            2          0.67          27              0              0
61                      27                  0.03                  0.41                 0.85                 19.99                 2                 1         0              0              1               4               528                        9       1            2          0.71         101              0              0
26                      59                  0.48                  0.61                 0.74                  3.44                 5                 3         0              2              1               4               331                       21       1            2          0.59          77              0              0
100                    108                  0.25                  0.35                 0.79                 55.98                 5                 3         3              0              1               4               696                        7       1            2          0.70         103              0              0
# 2026-06-02 01:31:41 UTC: Iteration 3 of 6
# experimentsUsed: 570
# timeUsed: 519748
# boundEstimate: 911.838596491228
# remainingBudget: 1799
# currentBudget: 449
# nbConfigurations: 59
# Markers:
     x No test is performed.
     c Configurations are discarded only due to capping.
     - The test is performed and some configurations are discarded.
     = The test is performed but no configuration is discarded.
     ! The test is performed and configurations could be discarded but elite configurations are preserved.
     . Alive configurations were already evaluated on this instance and nothing is discarded.
     : All alive configurations are elite, but some need to be evaluated on this instance.

+-+-----------+-----------+-----------+----------------+-----------+--------+-----+----+------+
| |   Instance|      Alive|       Best|       Mean best| Exp so far|  W time|  rho|KenW|  Qvar|
+-+-----------+-----------+-----------+----------------+-----------+--------+-----+----+------+
|x|          7|         92|        181|-9.518420000e+26|         92|23:09:06|   NA|  NA|    NA|
|x|          3|         65|        116|-4.910933334e+26|        187|15:15:07|+0.59|0.73|0.4124|
|x|          8|         82|        171|-1.995260000e+17|         82|20:30:12|   NA|  NA|    NA|
|x|          6|         60|         91|-8.664470248e+17|        225|13:45:19|+0.78|0.84|0.2404|
|x|          7|         60|         83|-4.746670000e+24|         60|15:26:33|   NA|  NA|    NA|
|x|          1|         84|        123|-3.724115000e+26|        164|20:06:33|+0.09|0.54|0.8200|
|x|          5|         57|        127|-2.095625001e+26|        222|13:45:09|+0.57|0.68|0.4218|
|x|          8|         59|        137|-4.620710000e+24|         59|15:19:52|   NA|  NA|    NA|
|x|          4|         65|         97|-3.689111051e+26|        248|15:16:09|+0.65|0.74|0.3568|
|-|          3|         13|         91|-6.098366932e+23|        280|13:45:34|+0.29|0.43|0.6281|
|x|          1|         60|         83|-4.747640000e+24|        115|14:04:09|+0.89|0.94|0.0690|
|x|          4|         92|        181|-4.759210000e+26|        182|22:30:11|+0.83|0.92|0.1974|
|-|          2|         10|         91|-1.306443639e+26|        288|02:00:53|+0.38|0.48|0.5973|
|x|          7|         82|         68|-1.434200097e+24|        160|19:30:40|+0.34|0.67|0.5432|
|-|          8|          9|         91|-1.124444605e+26|        293|01:15:06|+0.46|0.53|0.5004|
|-|          7|         16|        127|-1.686588661e+26|        277|13:45:27|+0.17|0.34|0.8033|
|!|          4|          9|         91|-9.838890293e+25|        297|01:00:00|+0.42|0.50|0.5380|
|-|          5|          4|         91|-8.745680293e+25|        301|01:00:01|+0.16|0.25|0.6378|
+-+-----------+-----------+-----------+----------------+-----------+--------+-----+----+------+
Best-so-far configuration:          91    mean value: -8.745680293e+25
Description of the best-so-far configuration:
   .ID. population_size_factor elites_percentage mutation_probability mutation_distribution num_total_parents num_elite_parents bias_type crossover_type diversity_type num_populations exchange_interval num_exchange_individuals pr_interval shake_interval reset_interval .PARENT.
91   91                    102              0.46                 0.03                 93.19                 3                 1         4              0              0               1                 0                        1           0              0              0        5

# 2026-06-03 04:39:52 UTC: Elite configurations (first number is the configuration ID; listed from best to worst according to the sum of ranks):
    population_size_factor elites_percentage mutation_probability mutation_distribution num_total_parents num_elite_parents bias_type crossover_type diversity_type num_populations exchange_interval num_exchange_individuals pr_interval shake_interval reset_interval
91                     102              0.46                 0.03                 93.19                 3                 1         4              0              0               1                 0                        1           0              0              0
109                     75              0.24                 0.03                 73.89                 3                 1         2              0              0               1                 0                        1           0              0              0
105                    105              0.44                 0.06                 48.99                 4                 4         2              0              0               1                 0                        1           0              0              0
101                     97              0.42                 0.06                 89.35                 3                 2         1              0              0               1                 0                        1           0              0              0
# 2026-06-03 04:39:52 UTC: Iteration 3 of 5
# experimentsUsed: 686
# timeUsed: 617666
# boundEstimate: 900.387755102041
# remainingBudget: 1713
# currentBudget: 571
# nbConfigurations: 60
# Markers:
     x No test is performed.
     c Configurations are discarded only due to capping.
     - The test is performed and some configurations are discarded.
     = The test is performed but no configuration is discarded.
     ! The test is performed and configurations could be discarded but elite configurations are preserved.
     . Alive configurations were already evaluated on this instance and nothing is discarded.
     : All alive configurations are elite, but some need to be evaluated on this instance.

+-+-----------+-----------+-----------+----------------+-----------+--------+-----+----+------+
| |   Instance|      Alive|       Best|       Mean best| Exp so far|  W time|  rho|KenW|  Qvar|
+-+-----------+-----------+-----------+----------------+-----------+--------+-----+----+------+
|x|          2|         59|        134|-2.178821866e+24|        114|13:47:07|+0.92|0.96|0.0631|
|-|          3|          8|        127|-1.405490557e+26|        291|03:30:05|+0.18|0.31|0.7529|
|-|          6|          3|        127|-1.204706197e+26|        297|01:30:02|+0.29|0.39|0.4108|
+-+-----------+-----------+-----------+----------------+-----------+--------+-----+----+------+
Best configuration for the instances in this race: 127
Best-so-far configuration:          74    mean value: -1.753342120e+26
Description of the best-so-far configuration:
   .ID. population_size_factor omega   c1   c2  chi v_coeff leader_selection_range diversity_mechanism .PARENT.
74   74                     31  0.25 2.63 1.48 0.15    0.22                     91   crowding distance       NA

# 2026-06-03 08:29:56 UTC: Elite configurations (first number is the configuration ID; listed from best to worst according to the sum of ranks):
    population_size_factor omega   c1   c2  chi v_coeff leader_selection_range diversity_mechanism
74                      31  0.25 2.63 1.48 0.15    0.22                     91   crowding distance
63                     110  0.97 0.01 3.60 0.19    0.25                    100   crowding distance
127                     29  0.23 3.03 1.65 0.20    0.25                     76   crowding distance
# 2026-06-03 08:29:56 UTC: Iteration 3 of 5
# experimentsUsed: 701
# timeUsed: 631319
# boundEstimate: 900.597717546362
# remainingBudget: 1697
# currentBudget: 565
# nbConfigurations: 59
# Markers:
     x No test is performed.
     c Configurations are discarded only due to capping.
     - The test is performed and some configurations are discarded.
     = The test is performed but no configuration is discarded.
     ! The test is performed and configurations could be discarded but elite configurations are preserved.
     . Alive configurations were already evaluated on this instance and nothing is discarded.
     : All alive configurations are elite, but some need to be evaluated on this instance.

+-+-----------+-----------+-----------+----------------+-----------+--------+-----+----+------+
| |   Instance|      Alive|       Best|       Mean best| Exp so far|  W time|  rho|KenW|  Qvar|
+-+-----------+-----------+-----------+----------------+-----------+--------+-----+----+------+
|x|          5|         84|        123|-2.491756167e+26|        244|20:00:34|+0.21|0.47|0.6164|
|-|          7|         22|         97|-2.951288841e+26|        309|15:15:07|+0.02|0.22|0.9391|
|x|          2|         60|         83|-3.998217600e+26|        170|15:01:58|+0.81|0.87|0.1269|
|=|          2|         22|         97|-2.459407375e+26|        327|04:30:09|+0.07|0.23|0.9307|
|x|         10|         60|        172|-8.217400000e+26|         60|15:05:37|   NA|  NA|    NA|
|-|          1|         13|        116|-2.113986408e+26|        345|04:30:04|+0.10|0.23|0.8729|
|x|          5|         59|        134|-1.452547987e+24|        169|13:45:31|+0.88|0.92|0.0857|
|x|          1|         82|         68|-9.561333979e+23|        238|19:30:08|+0.38|0.59|0.5598|
|=|          6|         13|         97|-1.844555538e+26|        354|02:15:04|+0.10|0.21|0.8713|
|x|         10|         59|        175|-1.096300000e+11|         59|14:45:06|   NA|  NA|    NA|
|x|          3|         92|        181|-3.172806668e+26|        272|22:30:17|+0.85|0.90|0.1427|
|=|          9|         13|         97|-3.473193812e+26|        367|03:16:22|+0.07|0.17|0.8869|
+-+-----------+-----------+-----------+----------------+-----------+--------+-----+----+------+
Best-so-far configuration:          97    mean value: -3.473193812e+26
Description of the best-so-far configuration:
   .ID. population_size_factor weight_generation decomposition neighbours   cr    f eta_m realb limit .PARENT.
97   97                    121   low discrepancy      weighted         47 0.07 0.44 15.54   0.8    14       14

# 2026-06-04 01:34:28 UTC: Elite configurations (first number is the configuration ID; listed from best to worst according to the sum of ranks):
    population_size_factor weight_generation decomposition neighbours   cr    f eta_m realb limit
97                     121   low discrepancy      weighted         47 0.07 0.44 15.54  0.80    14
116                     49   low discrepancy      weighted         39 0.18 0.24  5.10  0.52    19
14                      55            random      weighted         24 0.03 0.24  2.12  0.56    16
38                      57   low discrepancy      weighted         28 0.12 0.41 14.03  0.97     3
109                     49   low discrepancy      weighted         48 0.51 0.18  4.10  0.51    13
# 2026-06-04 01:34:28 UTC: Iteration 3 of 5
# experimentsUsed: 769
# timeUsed: 692741
# boundEstimate: 900.833550065019
# remainingBudget: 1629
# currentBudget: 543
# nbConfigurations: 58
# Markers:
     x No test is performed.
     c Configurations are discarded only due to capping.
     - The test is performed and some configurations are discarded.
     = The test is performed but no configuration is discarded.
     ! The test is performed and configurations could be discarded but elite configurations are preserved.
     . Alive configurations were already evaluated on this instance and nothing is discarded.
     : All alive configurations are elite, but some need to be evaluated on this instance.

+-+-----------+-----------+-----------+----------------+-----------+--------+-----+----+------+
| |   Instance|      Alive|       Best|       Mean best| Exp so far|  W time|  rho|KenW|  Qvar|
+-+-----------+-----------+-----------+----------------+-----------+--------+-----+----+------+
|x|          3|         60|         83|-2.998663200e+26|        225|13:45:11|+0.70|0.77|0.3068|
|x|          7|         84|        123|-1.868817125e+26|        324|20:00:11|+0.31|0.48|0.4781|
|x|          2|         60|        172|-8.489000000e+26|        116|14:05:28|+0.92|0.96|0.0875|
|x|          3|         59|        134|-2.611069110e+26|        224|16:02:08|+0.80|0.85|0.1278|
|x|          8|         59|        175|-4.776190000e+26|        115|14:04:53|+0.05|0.53|0.8843|
|x|         10|         58|        156|-7.147320000e+24|         58|14:31:07|   NA|  NA|    NA|
|x|          4|         82|         68|-1.460430048e+24|        316|19:30:42|+0.31|0.48|0.5601|
|-|          5|         14|         83|-2.398930560e+26|        280|13:45:41|+0.03|0.22|0.8612|
|=|          4|         14|         42|-1.706624656e+26|        289|02:15:28|-0.01|0.16|0.9438|
|x|          2|         92|        181|-2.390547001e+26|        362|22:31:31|+0.88|0.91|0.1192|
|=|          6|         14|         83|-3.443007548e+26|        298|02:40:24|+0.02|0.16|0.8691|
|x|          4|         60|        172|-5.659333333e+26|        172|14:00:05|+0.63|0.75|0.3786|
|-|          4|         19|        123|-1.495053701e+26|        404|20:00:12|+0.19|0.35|0.3852|
|-|          6|          9|        134|-2.088855288e+26|        279|13:45:31|+0.11|0.29|0.8339|
|=|          8|         14|        133|-2.918692792e+26|        312|03:30:02|+0.05|0.17|0.8750|
+-+-----------+-----------+-----------+----------------+-----------+--------+-----+----+------+
Best-so-far configuration:         133    mean value: -2.918692792e+26
Description of the best-so-far configuration:
    .ID. population_size_factor min_elites_percentage max_elites_percentage mutation_probability mutation_distribution num_total_parents num_elite_parents bias_type diversity_type crossover_type num_populations exchange_interval num_exchange_individuals pr_type pr_dist_func pr_percentage pr_interval shake_interval shake_intensity shake_distribution reset_interval .PARENT.
133  133                    116                  0.17                  0.29                    0                 83.81                 5                 5         4              3              0               2               507                       65       0            0           0.5         648            564            0.16              88.86              0       83

# 2026-06-05 02:42:20 UTC: Elite configurations (first number is the configuration ID; listed from best to worst according to the sum of ranks):
    population_size_factor min_elites_percentage max_elites_percentage mutation_probability mutation_distribution num_total_parents num_elite_parents bias_type diversity_type crossover_type num_populations exchange_interval num_exchange_individuals pr_type pr_dist_func pr_percentage pr_interval shake_interval shake_intensity shake_distribution reset_interval
133                    116                  0.17                  0.29                 0.00                 83.81                 5                 5         4              3              0               2               507                       65       0            0          0.50         648            564            0.16              88.86              0
53                     101                  0.49                  0.56                 0.91                  9.96                 3                 1         0              0              1               4               423                       93       1            0          0.81          83            687            0.43              85.02              0
83                     118                  0.09                  0.47                 0.00                 78.71                 5                 5         4              0              0               2               416                        7       0            0          0.33         493            258            0.41              89.55              0
42                     107                  0.08                  0.75                 0.95                 42.32                 2                 1         6              1              1               4               446                       65       1            2          0.68           8            646            0.15              68.00              0
148                     44                  0.46                  0.53                 0.94                 63.28                 2                 1         6              3              0               5               458                       28       1            0          0.55          56            397            0.31              64.21              0
75                      64                  0.14                  0.23                 0.83                 13.51                 2                 1         6              2              1               5               904                       47       1            1          0.49          59            499            0.17              87.73              0
# 2026-06-05 02:42:20 UTC: Iteration 4 of 6
# experimentsUsed: 851
# timeUsed: 782299
# boundEstimate: 919.27027027027
# remainingBudget: 1499
# currentBudget: 499
# nbConfigurations: 60
# Markers:
     x No test is performed.
     c Configurations are discarded only due to capping.
     - The test is performed and some configurations are discarded.
     = The test is performed but no configuration is discarded.
     ! The test is performed and configurations could be discarded but elite configurations are preserved.
     . Alive configurations were already evaluated on this instance and nothing is discarded.
     : All alive configurations are elite, but some need to be evaluated on this instance.

+-+-----------+-----------+-----------+----------------+-----------+--------+-----+----+------+
| |   Instance|      Alive|       Best|       Mean best| Exp so far|  W time|  rho|KenW|  Qvar|
+-+-----------+-----------+-----------+----------------+-----------+--------+-----+----+------+
|=|          4|          9|        134|-1.747562107e+26|        284|01:24:59|+0.03|0.20|0.8743|
|x|          1|         59|        175|-6.464586667e+26|        172|14:19:57|+0.31|0.54|0.6241|
|=|          6|         19|        118|-2.480856651e+26|        419|03:46:20|+0.12|0.27|0.4981|
|=|          1|          9|        134|-1.497910377e+26|        289|01:15:00|+0.11|0.24|0.8175|
|x|          9|         58|         97|-8.286583100e+26|        111|13:20:32|+0.82|0.91|0.0884|
|=|          7|          9|        145|-1.286562660e+26|        294|01:15:13|+0.13|0.24|0.7864|
|-|          3|          6|        118|-2.126448558e+26|        434|03:45:01|+0.49|0.57|0.2888|
|-|          9|          5|        134|-1.165041408e+26|        303|02:15:00|+0.03|0.14|0.7521|
+-+-----------+-----------+-----------+----------------+-----------+--------+-----+----+------+
Best configuration for the instances in this race: 134
Best-so-far configuration:          91    mean value: -1.135648686e+26
Description of the best-so-far configuration:
   .ID. population_size_factor min_elites_percentage max_elites_percentage mutation_probability mutation_distribution num_total_parents num_elite_parents bias_type diversity_type crossover_type num_populations exchange_interval num_exchange_individuals pr_type pr_dist_func pr_percentage pr_interval shake_interval reset_interval .PARENT.
91   91                     44                  0.19                  0.49                 0.78                 14.82                 5                 3         4              2              0               3               306                        1       1            2          0.67          27              0              0       26

# 2026-06-05 08:22:07 UTC: Elite configurations (first number is the configuration ID; listed from best to worst according to the sum of ranks):
    population_size_factor min_elites_percentage max_elites_percentage mutation_probability mutation_distribution num_total_parents num_elite_parents bias_type diversity_type crossover_type num_populations exchange_interval num_exchange_individuals pr_type pr_dist_func pr_percentage pr_interval shake_interval reset_interval
91                      44                  0.19                  0.49                 0.78                 14.82                 5                 3         4              2              0               3               306                        1       1            2          0.67          27              0              0
134                     50                  0.19                  0.76                 0.49                 27.67                 5                 1         1              1              0               4               245                       49       1            0          0.66          44              0              0
145                     58                  0.12                  0.66                 0.65                 32.79                 4                 3         1              0              0               4               117                       20       1            2          0.94          37              0              0
61                      27                  0.03                  0.41                 0.85                 19.99                 2                 1         0              0              1               4               528                        9       1            2          0.71         101              0              0
150                     61                  0.16                  0.32                 0.79                 14.55                 2                 1         5              0              0               3               901                       49       1            1          0.93         180              0              0
# 2026-06-05 08:22:07 UTC: Iteration 4 of 6
# experimentsUsed: 873
# timeUsed: 802848
# boundEstimate: 919.642611683849
# remainingBudget: 1476
# currentBudget: 492
# nbConfigurations: 53
# Markers:
     x No test is performed.
     c Configurations are discarded only due to capping.
     - The test is performed and some configurations are discarded.
     = The test is performed but no configuration is discarded.
     ! The test is performed and configurations could be discarded but elite configurations are preserved.
     . Alive configurations were already evaluated on this instance and nothing is discarded.
     : All alive configurations are elite, but some need to be evaluated on this instance.

+-+-----------+-----------+-----------+----------------+-----------+--------+-----+----+------+
| |   Instance|      Alive|       Best|       Mean best| Exp so far|  W time|  rho|KenW|  Qvar|
+-+-----------+-----------+-----------+----------------+-----------+--------+-----+----+------+
|-|          2|          1|        118|-1.860642491e+26|        436|00:30:00|   NA|  NA|    NA|
+-+-----------+-----------+-----------+----------------+-----------+--------+-----+----+------+
Best-so-far configuration:         118    mean value: -1.860642491e+26
Description of the best-so-far configuration:
    .ID. population_size_factor    phmcr ppar_min ppar_max   bw_min   bw_max .PARENT.
118  118                     45 0.960418 0.464715 0.858418 0.001952 0.988672       48

# 2026-06-05 08:34:48 UTC: Elite configurations (first number is the configuration ID; listed from best to worst according to the sum of ranks):
    population_size_factor    phmcr ppar_min ppar_max   bw_min   bw_max
118                     45 0.960418 0.464715 0.858418 0.001952 0.988672
# 2026-06-05 08:34:48 UTC: Iteration 3 of 4
# experimentsUsed: 893
# timeUsed: 804236
# boundEstimate: 900.600223964166
# remainingBudget: 1505
# currentBudget: 752
# nbConfigurations: 84
# Markers:
     x No test is performed.
     c Configurations are discarded only due to capping.
     - The test is performed and some configurations are discarded.
     = The test is performed but no configuration is discarded.
     ! The test is performed and configurations could be discarded but elite configurations are preserved.
     . Alive configurations were already evaluated on this instance and nothing is discarded.
     : All alive configurations are elite, but some need to be evaluated on this instance.

+-+-----------+-----------+-----------+----------------+-----------+--------+-----+----+------+
| |   Instance|      Alive|       Best|       Mean best| Exp so far|  W time|  rho|KenW|  Qvar|
+-+-----------+-----------+-----------+----------------+-----------+--------+-----+----+------+
|-|          3|         16|         68|-1.168344561e+24|        394|19:30:30|+0.10|0.28|0.7615|
|x|          1|         60|        172|-4.244500001e+26|        228|14:00:08|+0.61|0.70|0.3795|
|-|          6|          9|         68|-1.278416205e+26|        406|03:01:03|-0.03|0.15|0.8160|
|=|          2|          9|         68|-1.095785319e+26|        411|01:15:00|-0.06|0.09|0.8496|
|=|          5|          9|         68|-1.917034654e+26|        416|01:15:26|-0.02|0.11|0.8019|
|x|          9|         60|        205|-3.773430000e+18|         60|15:01:42|   NA|  NA|    NA|
|x|          2|         59|        175|-4.861377700e+26|        229|14:15:28|+0.40|0.55|0.5602|
|x|          2|         58|         97|-5.524388750e+26|        164|13:15:28|+0.76|0.84|0.1213|
|=|          9|          9|         68|-1.704030806e+26|        425|02:15:03|-0.02|0.09|0.7997|
+-+-----------+-----------+-----------+----------------+-----------+--------+-----+----+------+
Best-so-far configuration:          68    mean value: -1.704030806e+26
Description of the best-so-far configuration:
   .ID. population_size_factor ker    q threshold n_gen_mark focus .PARENT.
68   68                    101   6 0.66        89         25  5.65       NA

# 2026-06-05 19:46:32 UTC: Elite configurations (first number is the configuration ID; listed from best to worst according to the sum of ranks):
    population_size_factor ker    q threshold n_gen_mark focus
68                     101   6 0.66        89         25  5.65
171                     94   6 0.84       100         46  7.65
46                      77   4 1.63        34         64  9.56
103                    116  11 1.21        79         12  6.54
# 2026-06-05 19:46:32 UTC: Iteration 3 of 4
# experimentsUsed: 938
# timeUsed: 844628
# boundEstimate: 900.456289978678
# remainingBudget: 1461
# currentBudget: 730
# nbConfigurations: 76
# Markers:
     x No test is performed.
     c Configurations are discarded only due to capping.
     - The test is performed and some configurations are discarded.
     = The test is performed but no configuration is discarded.
     ! The test is performed and configurations could be discarded but elite configurations are preserved.
     . Alive configurations were already evaluated on this instance and nothing is discarded.
     : All alive configurations are elite, but some need to be evaluated on this instance.

+-+-----------+-----------+-----------+----------------+-----------+--------+-----+----+------+
| |   Instance|      Alive|       Best|       Mean best| Exp so far|  W time|  rho|KenW|  Qvar|
+-+-----------+-----------+-----------+----------------+-----------+--------+-----+----+------+
|-|          6|         12|        181|-1.912437608e+26|        452|22:30:39|+0.46|0.57|0.4434|
|-|          5|          5|        181|-3.161818006e+26|        462|02:31:14|+0.51|0.59|0.2838|
|-|          1|          2|        181|-2.710129725e+26|        465|00:45:01|+0.05|0.18|0.4762|
+-+-----------+-----------+-----------+----------------+-----------+--------+-----+----+------+
Best-so-far configuration:         181    mean value: -2.710129725e+26
Description of the best-so-far configuration:
    .ID. population_size_factor crossover_probability crossover_distribution mutation_probability mutation_distribution .PARENT.
181  181                     45                  0.42                  19.96                 0.01                  31.1       89

# 2026-06-05 23:54:31 UTC: Elite configurations (first number is the configuration ID; listed from best to worst according to the sum of ranks):
    population_size_factor crossover_probability crossover_distribution mutation_probability mutation_distribution
181                     45                  0.42                  19.96                 0.01                 31.10
151                     44                  0.52                  46.50                 0.01                 44.99
# 2026-06-05 23:54:31 UTC: Iteration 3 of 4
# experimentsUsed: 954
# timeUsed: 859381
# boundEstimate: 900.818658280922
# remainingBudget: 1444
# currentBudget: 722
# nbConfigurations: 92
# Markers:
     x No test is performed.
     c Configurations are discarded only due to capping.
     - The test is performed and some configurations are discarded.
     = The test is performed but no configuration is discarded.
     ! The test is performed and configurations could be discarded but elite configurations are preserved.
     . Alive configurations were already evaluated on this instance and nothing is discarded.
     : All alive configurations are elite, but some need to be evaluated on this instance.

+-+-----------+-----------+-----------+----------------+-----------+--------+-----+----+------+
| |   Instance|      Alive|       Best|       Mean best| Exp so far|  W time|  rho|KenW|  Qvar|
+-+-----------+-----------+-----------+----------------+-----------+--------+-----+----+------+
|x|         10|         53|        145|-1.070130000e+27|         53|15:51:12|   NA|  NA|    NA|
|-|          8|         11|        172|-3.403426880e+26|        284|14:00:46|+0.02|0.22|0.6985|
|x|          9|         84|        118|-3.041800000e+24|         84|21:00:37|   NA|  NA|    NA|
|=|          7|         11|        172|-2.836189067e+26|        291|01:45:00|+0.07|0.22|0.6394|
|=|          3|         11|        172|-2.436848472e+26|        298|01:45:11|+0.14|0.26|0.5587|
|-|          7|         15|        175|-3.899230200e+26|        285|14:00:29|+0.29|0.43|0.6707|
|x|          4|         58|        165|-4.046995063e+26|        217|13:15:58|+0.78|0.83|0.1008|
|x|          2|         60|        198|-5.157150018e+26|        114|14:35:18|+0.64|0.82|0.3229|
|-|          5|          5|        172|-2.132242417e+26|        305|01:45:02|+0.29|0.38|0.3868|
+-+-----------+-----------+-----------+----------------+-----------+--------+-----+----+------+
Best configuration for the instances in this race: 172
Best-so-far configuration:          91    mean value: -1.560410226e+26
Description of the best-so-far configuration:
   .ID. population_size_factor elites_percentage mutation_probability mutation_distribution num_total_parents num_elite_parents bias_type crossover_type diversity_type num_populations exchange_interval num_exchange_individuals pr_interval shake_interval reset_interval .PARENT.
91   91                    102              0.46                 0.03                 93.19                 3                 1         4              0              0               1                 0                        1           0              0              0        5

# 2026-06-06 09:07:13 UTC: Elite configurations (first number is the configuration ID; listed from best to worst according to the sum of ranks):
    population_size_factor elites_percentage mutation_probability mutation_distribution num_total_parents num_elite_parents bias_type crossover_type diversity_type num_populations exchange_interval num_exchange_individuals pr_interval shake_interval reset_interval
91                     102              0.46                 0.03                 93.19                 3                 1         4              0              0               1                 0                        1           0              0              0
109                     75              0.24                 0.03                 73.89                 3                 1         2              0              0               1                 0                        1           0              0              0
105                    105              0.44                 0.06                 48.99                 4                 4         2              0              0               1                 0                        1           0              0              0
101                     97              0.42                 0.06                 89.35                 3                 2         1              0              0               1                 0                        1           0              0              0
172                    106              0.48                 0.01                 63.66                 3                 1         6              0              0               1                 0                        1           0              0              0
# 2026-06-06 09:07:13 UTC: Iteration 4 of 5
# experimentsUsed: 991
# timeUsed: 892576
# boundEstimate: 900.68213925328
# remainingBudget: 1407
# currentBudget: 703
# nbConfigurations: 68
# Markers:
     x No test is performed.
     c Configurations are discarded only due to capping.
     - The test is performed and some configurations are discarded.
     = The test is performed but no configuration is discarded.
     ! The test is performed and configurations could be discarded but elite configurations are preserved.
     . Alive configurations were already evaluated on this instance and nothing is discarded.
     : All alive configurations are elite, but some need to be evaluated on this instance.

+-+-----------+-----------+-----------+----------------+-----------+--------+-----+----+------+
| |   Instance|      Alive|       Best|       Mean best| Exp so far|  W time|  rho|KenW|  Qvar|
+-+-----------+-----------+-----------+----------------+-----------+--------+-----+----+------+
|-|          5|          8|        175|-3.249358500e+26|        297|03:00:01|+0.47|0.56|0.4595|
|-|          9|          6|        175|-2.785164429e+26|        302|01:15:00|+0.62|0.68|0.3731|
|x|          2|         53|        145|-5.350650019e+26|        101|12:01:27|+0.66|0.83|0.1736|
|!|          3|          6|        175|-2.437018880e+26|        305|00:45:01|+0.67|0.71|0.3362|
|!|          6|          6|        175|-2.166239009e+26|        308|00:45:01|+0.68|0.72|0.3114|
|-|          4|          3|        175|-1.949615108e+26|        311|00:45:00|+0.03|0.13|0.6504|
+-+-----------+-----------+-----------+----------------+-----------+--------+-----+----+------+
Best-so-far configuration:         175    mean value: -1.949615108e+26
Description of the best-so-far configuration:
    .ID. population_size_factor omega   c1   c2  chi v_coeff leader_selection_range diversity_mechanism .PARENT.
175  175                     99  0.64 0.48 3.71 0.15    0.12                     87   crowding distance       63

# 2026-06-06 14:25:58 UTC: Elite configurations (first number is the configuration ID; listed from best to worst according to the sum of ranks):
    population_size_factor omega   c1   c2  chi v_coeff leader_selection_range diversity_mechanism
175                     99  0.64 0.48 3.71 0.15    0.12                     87   crowding distance
187                    103  0.71 0.45 3.78 0.33    0.03                     99   crowding distance
151                     49  0.40 2.42 2.48 0.22    0.17                     94   crowding distance
# 2026-06-06 14:25:58 UTC: Iteration 4 of 5
# experimentsUsed: 1012
# timeUsed: 911533
# boundEstimate: 900.724308300395
# remainingBudget: 1386
# currentBudget: 693
# nbConfigurations: 65
# Markers:
     x No test is performed.
     c Configurations are discarded only due to capping.
     - The test is performed and some configurations are discarded.
     = The test is performed but no configuration is discarded.
     ! The test is performed and configurations could be discarded but elite configurations are preserved.
     . Alive configurations were already evaluated on this instance and nothing is discarded.
     : All alive configurations are elite, but some need to be evaluated on this instance.

+-+-----------+-----------+-----------+----------------+-----------+--------+-----+----+------+
| |   Instance|      Alive|       Best|       Mean best| Exp so far|  W time|  rho|KenW|  Qvar|
+-+-----------+-----------+-----------+----------------+-----------+--------+-----+----+------+
|x|         10|         76|         68|-1.012950000e+11|         76|19:00:09|   NA|  NA|    NA|
|-|          7|         14|        165|-3.237596050e+26|        270|13:15:06|+0.16|0.33|0.7521|
|x|          8|         60|        167|-3.269406679e+26|        168|13:30:09|+0.34|0.56|0.5668|
|x|          8|         92|        226|-4.569420000e+24|         92|23:02:04|   NA|  NA|    NA|
|-|          3|          9|        165|-2.697996708e+26|        279|02:15:01|+0.25|0.37|0.6472|
|x|          9|         53|         61|-3.485400012e+26|        149|12:00:12|+0.69|0.79|0.1618|
|-|          6|          8|        165|-2.312568614e+26|        283|01:00:02|+0.27|0.38|0.6487|
|!|          8|          8|        165|-2.023497538e+26|        286|00:45:00|+0.32|0.40|0.6032|
|-|          5|          7|        165|-3.614953367e+26|        289|00:45:17|+0.36|0.43|0.5423|
|x|         11|         68|        222|-2.401000000e+17|         68|17:00:10|   NA|  NA|    NA|
|x|          4|         84|        197|-1.500970115e+24|        167|20:45:11|+0.53|0.76|0.1280|
|-|          1|          2|        165|-3.253458031e+26|        291|00:30:00|+0.07|0.16|0.4667|
+-+-----------+-----------+-----------+----------------+-----------+--------+-----+----+------+
Best-so-far configuration:         165    mean value: -3.253458031e+26
Description of the best-so-far configuration:
    .ID. population_size_factor weight_generation decomposition neighbours   cr    f eta_m realb limit .PARENT.
165  165                     77   low discrepancy      weighted         20 0.05 0.21   3.5  0.41    15       14

# 2026-06-07 02:28:04 UTC: Elite configurations (first number is the configuration ID; listed from best to worst according to the sum of ranks):
    population_size_factor weight_generation decomposition neighbours   cr    f eta_m realb limit
165                     77   low discrepancy      weighted         20 0.05 0.21  3.50  0.41    15
154                    111   low discrepancy      weighted         49 0.33 0.71  5.29  0.92     9
# 2026-06-07 02:28:04 UTC: Iteration 4 of 5
# experimentsUsed: 1060
# timeUsed: 954929
# boundEstimate: 900.87641509434
# remainingBudget: 1338
# currentBudget: 669
# nbConfigurations: 62
# Markers:
     x No test is performed.
     c Configurations are discarded only due to capping.
     - The test is performed and some configurations are discarded.
     = The test is performed but no configuration is discarded.
     ! The test is performed and configurations could be discarded but elite configurations are preserved.
     . Alive configurations were already evaluated on this instance and nothing is discarded.
     : All alive configurations are elite, but some need to be evaluated on this instance.

+-+-----------+-----------+-----------+----------------+-----------+--------+-----+----+------+
| |   Instance|      Alive|       Best|       Mean best| Exp so far|  W time|  rho|KenW|  Qvar|
+-+-----------+-----------+-----------+----------------+-----------+--------+-----+----+------+
|x|         11|         65|        191|-1.103460000e+11|         65|16:15:08|   NA|  NA|    NA|
|x|          6|         76|         68|-3.806040000e+26|        148|18:06:24|+0.29|0.64|0.4391|
|x|          6|         60|        148|-5.105125009e+26|        222|14:42:02|+0.42|0.57|0.5011|
|x|          4|         53|         61|-2.625076234e+26|        197|12:23:39|+0.70|0.78|0.1472|
|x|          1|         68|        222|-2.432485000e+17|        131|15:45:08|+0.88|0.94|0.0528|
|x|         11|         62|        237|-7.362090000e+24|         62|15:31:05|   NA|  NA|    NA|
|x|          1|         92|        181|-2.180101812e+24|        182|22:30:39|+0.98|0.99|0.0162|
|x|          5|         65|        175|-1.337885546e+17|        127|15:30:10|+0.80|0.90|0.1472|
|x|          3|         84|        118|-1.013933408e+24|        250|20:45:08|+0.58|0.72|0.1766|
|-|          7|         15|         61|-2.100060994e+26|        245|12:01:36|-0.03|0.18|0.9733|
|-|          5|         22|        148|-4.084100008e+26|        276|13:30:18|-0.09|0.13|0.9808|
|x|          8|         76|         68|-2.537360001e+26|        220|18:00:11|+0.30|0.53|0.5578|
|=|          8|         15|         61|-1.757495212e+26|        255|02:42:13|+0.01|0.17|0.9293|
|=|          3|         22|        167|-3.275555006e+26|        292|04:00:01|-0.02|0.15|0.9044|
|=|          3|         15|         61|-2.972910181e+26|        265|02:55:52|+0.01|0.15|0.9210|
|=|          5|         15|        134|-2.597459084e+26|        275|02:30:03|+0.00|0.12|0.9470|
|x|          6|         62|        195|-3.616527618e+24|        122|15:00:34|+0.78|0.89|0.0516|
|x|          2|         68|        222|-2.726246668e+26|        194|15:51:23|+0.35|0.57|0.5392|
|=|          7|         22|        167|-2.814454477e+26|        308|04:22:31|+0.02|0.16|0.8443|
|=|          1|         15|        134|-2.308852519e+26|        285|02:30:01|+0.03|0.14|0.9118|
|x|          8|         65|        242|-3.481200001e+26|        189|15:35:22|+0.44|0.63|0.4934|
|=|          6|         15|        134|-2.077967268e+26|        295|02:30:03|+0.07|0.16|0.8755|
|-|          4|         15|        167|-2.462647672e+26|        324|04:00:10|+0.03|0.16|0.8386|
|=|          1|         15|        167|-2.194418675e+26|        333|02:16:18|+0.09|0.19|0.7853|
|-|         11|          8|        134|-1.889061156e+26|        310|03:45:29|+0.02|0.11|0.8776|
|=|         12|          8|        134|-1.731639393e+26|        318|02:00:02|+0.04|0.12|0.8653|
|x|          7|         84|        197|-7.504851147e+23|        333|20:45:12|+0.62|0.71|0.1387|
|x|          6|         92|        181|-1.453402413e+24|        272|22:30:41|+0.98|0.99|0.0185|
|-|         10|          4|        167|-1.974976808e+26|        348|03:45:03|+0.16|0.24|0.5288|
+-+-----------+-----------+-----------+----------------+-----------+--------+-----+----+------+
Best configuration for the instances in this race: 167
Best-so-far configuration:         205    mean value: -1.776951058e+26
Description of the best-so-far configuration:
    .ID. population_size_factor min_elites_percentage max_elites_percentage mutation_probability mutation_distribution num_total_parents num_elite_parents bias_type diversity_type crossover_type num_populations exchange_interval num_exchange_individuals pr_type pr_dist_func pr_percentage pr_interval shake_interval shake_intensity shake_distribution reset_interval .PARENT.
205  205                     96                  0.09                  0.64                 0.01                 99.13                 5                 4         4              0              0               4               918                       27       0            0          0.15         708             11            0.51              81.95              0       83

# 2026-06-08 20:26:01 UTC: Elite configurations (first number is the configuration ID; listed from best to worst according to the sum of ranks):
    population_size_factor min_elites_percentage max_elites_percentage mutation_probability mutation_distribution num_total_parents num_elite_parents bias_type diversity_type crossover_type num_populations exchange_interval num_exchange_individuals pr_type pr_dist_func pr_percentage pr_interval shake_interval shake_intensity shake_distribution reset_interval
205                     96                  0.09                  0.64                 0.01                 99.13                 5                 4         4              0              0               4               918                       27       0            0          0.15         708             11            0.51              81.95              0
167                     82                  0.35                  0.52                 0.01                 50.10                 5                 5         4              0              0               3               416                       52       0            0          0.14         745            196            0.48              57.28              0
179                    114                  0.17                  0.40                 0.01                 72.35                 5                 4         0              3              0               3               403                       16       0            0          0.65         835            879            0.59              70.71              0
191                     88                  0.15                  0.71                 0.01                 76.02                 5                 4         4              0              0               2               369                       30       0            1          0.45         478            342            0.22              83.23              0
# 2026-06-08 20:26:01 UTC: Iteration 5 of 6
# experimentsUsed: 1199
# timeUsed: 1104614
# boundEstimate: 921.279399499583
# remainingBudget: 1146
# currentBudget: 573
# nbConfigurations: 55
# Markers:
     x No test is performed.
     c Configurations are discarded only due to capping.
     - The test is performed and some configurations are discarded.
     = The test is performed but no configuration is discarded.
     ! The test is performed and configurations could be discarded but elite configurations are preserved.
     . Alive configurations were already evaluated on this instance and nothing is discarded.
     : All alive configurations are elite, but some need to be evaluated on this instance.

+-+-----------+-----------+-----------+----------------+-----------+--------+-----+----+------+
| |   Instance|      Alive|       Best|       Mean best| Exp so far|  W time|  rho|KenW|  Qvar|
+-+-----------+-----------+-----------+----------------+-----------+--------+-----+----+------+
|x|          3|         76|         68|-1.903020007e+26|        292|18:00:27|+0.36|0.52|0.5689|
|=|         13|          8|         91|-1.562972170e+26|        326|02:00:00|+0.06|0.14|0.8360|
+-+-----------+-----------+-----------+----------------+-----------+--------+-----+----+------+
Best-so-far configuration:          91    mean value: -1.562972170e+26
Description of the best-so-far configuration:
   .ID. population_size_factor min_elites_percentage max_elites_percentage mutation_probability mutation_distribution num_total_parents num_elite_parents bias_type diversity_type crossover_type num_populations exchange_interval num_exchange_individuals pr_type pr_dist_func pr_percentage pr_interval shake_interval reset_interval .PARENT.
91   91                     44                  0.19                  0.49                 0.78                 14.82                 5                 3         4              2              0               3               306                        1       1            2          0.67          27              0              0       26

# 2026-06-08 21:34:02 UTC: Elite configurations (first number is the configuration ID; listed from best to worst according to the sum of ranks):
    population_size_factor min_elites_percentage max_elites_percentage mutation_probability mutation_distribution num_total_parents num_elite_parents bias_type diversity_type crossover_type num_populations exchange_interval num_exchange_individuals pr_type pr_dist_func pr_percentage pr_interval shake_interval reset_interval
91                      44                  0.19                  0.49                 0.78                 14.82                 5                 3         4              2              0               3               306                        1       1            2          0.67          27              0              0
134                     50                  0.19                  0.76                 0.49                 27.67                 5                 1         1              1              0               4               245                       49       1            0          0.66          44              0              0
187                     44                  0.21                  0.55                 0.84                 16.35                 4                 4         1              2              0               3               408                       28       1            2          0.65           4              0              0
145                     58                  0.12                  0.66                 0.65                 32.79                 4                 3         1              0              0               4               117                       20       1            2          0.94          37              0              0
190                     45                  0.15                  0.32                 0.74                 17.62                 3                 1         0              3              0               3               435                       43       1            2          0.45          13              0              0
61                      27                  0.03                  0.41                 0.85                 19.99                 2                 1         0              0              1               4               528                        9       1            2          0.71         101              0              0
# 2026-06-08 21:34:02 UTC: Iteration 5 of 6
# experimentsUsed: 1199
# timeUsed: 1108753
# boundEstimate: 924.731442869058
# remainingBudget: 1137
# currentBudget: 568
# nbConfigurations: 46
# Markers:
     x No test is performed.
     c Configurations are discarded only due to capping.
     - The test is performed and some configurations are discarded.
     = The test is performed but no configuration is discarded.
     ! The test is performed and configurations could be discarded but elite configurations are preserved.
     . Alive configurations were already evaluated on this instance and nothing is discarded.
     : All alive configurations are elite, but some need to be evaluated on this instance.

+-+-----------+-----------+-----------+----------------+-----------+--------+-----+----+------+
| |   Instance|      Alive|       Best|       Mean best| Exp so far|  W time|  rho|KenW|  Qvar|
+-+-----------+-----------+-----------+----------------+-----------+--------+-----+----+------+
|x|          8|         62|        237|-2.454031805e+24|        182|15:00:17|+0.76|0.84|0.0863|
|x|          6|         68|        222|-2.044685010e+26|        258|16:00:24|+0.46|0.60|0.4529|
|x|          7|         65|        197|-2.615080776e+26|        251|15:30:30|+0.56|0.67|0.3760|
|x|         11|         55|        235|-2.561230000e+17|         55|13:45:16|   NA|  NA|    NA|
|x|         14|         46|        236|-1.069300000e+27|         46|14:47:10|   NA|  NA|    NA|
|-|          1|         24|         68|-1.522416006e+26|        364|18:00:09|-0.06|0.15|0.9745|
|x|         10|         62|        195|-3.637731391e+24|        242|15:01:14|+0.78|0.83|0.0823|
|-|          2|         13|        197|-6.003886334e+23|        416|20:45:27|+0.85|0.88|0.1386|
|-|         10|         15|        222|-3.307142008e+26|        321|15:51:24|+0.44|0.55|0.5252|
|x|          2|         92|        181|-2.184251809e+24|        362|22:31:58|+0.98|0.98|0.0210|
|-|          6|          3|        197|-1.251548239e+26|        428|03:01:00|+0.23|0.36|0.4390|
+-+-----------+-----------+-----------+----------------+-----------+--------+-----+----+------+
Best configuration for the instances in this race: 197
Best-so-far configuration:         118    mean value: -1.657284214e+26
Description of the best-so-far configuration:
    .ID. population_size_factor    phmcr ppar_min ppar_max   bw_min   bw_max .PARENT.
118  118                     45 0.960418 0.464715 0.858418 0.001952 0.988672       48

# 2026-06-09 19:37:27 UTC: Elite configurations (first number is the configuration ID; listed from best to worst according to the sum of ranks):
    population_size_factor    phmcr ppar_min ppar_max   bw_min   bw_max
118                     45 0.960418 0.464715 0.858418 0.001952 0.988672
197                     25 0.979619 0.219406 0.847994 0.004034 0.879716
236                     30 0.972348 0.493247 0.905065 0.005843 0.940510
# 2026-06-09 19:37:27 UTC: Iteration 4 of 4
# experimentsUsed: 1321
# timeUsed: 1189467
# boundEstimate: 900.429220287661
# remainingBudget: 1078
# currentBudget: 1078
# nbConfigurations: 110
# Markers:
     x No test is performed.
     c Configurations are discarded only due to capping.
     - The test is performed and some configurations are discarded.
     = The test is performed but no configuration is discarded.
     ! The test is performed and configurations could be discarded but elite configurations are preserved.
     . Alive configurations were already evaluated on this instance and nothing is discarded.
     : All alive configurations are elite, but some need to be evaluated on this instance.

+-+-----------+-----------+-----------+----------------+-----------+--------+-----+----+------+
| |   Instance|      Alive|       Best|       Mean best| Exp so far|  W time|  rho|KenW|  Qvar|
+-+-----------+-----------+-----------+----------------+-----------+--------+-----+----+------+
|=|          2|         24|        209|-1.263178338e+26|        384|05:00:03|-0.06|0.12|1.0054|
|-|          5|          8|        222|-2.755951679e+26|        331|02:30:06|+0.63|0.69|0.4480|
|-|          4|         22|        197|-2.092064621e+26|        313|15:30:08|+0.02|0.22|0.9161|
|!|          3|          8|        222|-2.368419497e+26|        334|00:45:01|+0.65|0.70|0.3965|
|!|          4|          8|        222|-2.072367059e+26|        337|00:45:00|+0.37|0.45|0.5758|
|!|          8|          8|        222|-1.847049364e+26|        340|00:45:05|+0.42|0.49|0.5262|
|x|          2|         46|         91|-5.218750018e+26|         86|10:00:41|+0.15|0.57|0.5508|
|x|          8|         55|        235|-1.280615556e+17|        106|12:45:10|+0.68|0.84|0.2622|
|!|          7|          8|        222|-1.662344428e+26|        343|00:45:00|+0.41|0.47|0.5578|
|-|          9|          4|        222|-1.511222207e+26|        347|01:00:03|-0.02|0.07|0.7124|
+-+-----------+-----------+-----------+----------------+-----------+--------+-----+----+------+
Best-so-far configuration:         222    mean value: -1.511222207e+26
Description of the best-so-far configuration:
    .ID. population_size_factor elites_percentage mutation_probability mutation_distribution num_total_parents num_elite_parents bias_type crossover_type diversity_type num_populations exchange_interval num_exchange_individuals pr_interval shake_interval reset_interval .PARENT.
222  222                    101              0.41                 0.01                 89.93                 4                 1         4              0              0               1                 0                        1           0              0              0       91

# 2026-06-10 00:06:02 UTC: Elite configurations (first number is the configuration ID; listed from best to worst according to the sum of ranks):
    population_size_factor elites_percentage mutation_probability mutation_distribution num_total_parents num_elite_parents bias_type crossover_type diversity_type num_populations exchange_interval num_exchange_individuals pr_interval shake_interval reset_interval
222                    101              0.41                 0.01                 89.93                 4                 1         4              0              0               1                 0                        1           0              0              0
172                    106              0.48                 0.01                 63.66                 3                 1         6              0              0               1                 0                        1           0              0              0
229                    107              0.46                 0.01                 54.12                 3                 1         6              0              0               1                 0                        1           0              0              0
235                     95              0.45                 0.00                 94.16                 3                 2         4              0              0               1                 0                        1           0              0              0
# 2026-06-10 00:06:03 UTC: Iteration 5 of 5
# experimentsUsed: 1338
# timeUsed: 1205339
# boundEstimate: 900.851270553064
# remainingBudget: 1060
# currentBudget: 1060
# nbConfigurations: 92
# Markers:
     x No test is performed.
     c Configurations are discarded only due to capping.
     - The test is performed and some configurations are discarded.
     = The test is performed but no configuration is discarded.
     ! The test is performed and configurations could be discarded but elite configurations are preserved.
     . Alive configurations were already evaluated on this instance and nothing is discarded.
     : All alive configurations are elite, but some need to be evaluated on this instance.

+-+-----------+-----------+-----------+----------------+-----------+--------+-----+----+------+
| |   Instance|      Alive|       Best|       Mean best| Exp so far|  W time|  rho|KenW|  Qvar|
+-+-----------+-----------+-----------+----------------+-----------+--------+-----+----+------+
|=|          4|         24|        209|-1.086668604e+26|        404|05:00:11|+0.00|0.14|0.9804|
|=|          2|         22|        197|-1.752106184e+26|        332|04:45:09|+0.03|0.19|0.9114|
|=|          5|         24|         68|-1.913449154e+26|        424|05:01:48|+0.05|0.17|0.9229|
|-|          3|         11|        195|-2.910185113e+24|        302|15:00:08|+0.15|0.32|0.7993|
|-|          6|         14|        197|-1.501805306e+26|        351|04:45:07|+0.10|0.22|0.8443|
|=|          4|         11|        195|-3.591044261e+24|        311|02:15:11|+0.11|0.26|0.8377|
|x|          7|         46|         91|-3.479166691e+26|        126|10:00:50|+0.39|0.60|0.3817|
|=|          1|         14|        197|-2.568604643e+26|        362|02:45:59|+0.08|0.19|0.8538|
|-|          7|          6|        195|-3.078037938e+24|        320|02:15:01|+0.10|0.23|0.6756|
|-|          7|         14|        209|-1.698108403e+26|        444|05:00:11|+0.04|0.15|0.8800|
|=|          1|          6|        195|-2.693283237e+24|        324|01:00:01|+0.14|0.24|0.6376|
|-|          3|          9|        197|-2.283204131e+26|        373|02:45:03|+0.08|0.19|0.8026|
|x|          1|         55|        256|-1.585163417e+24|        157|12:52:39|+0.51|0.67|0.4352|
|=|          2|          6|        195|-2.394030111e+24|        328|01:00:02|+0.13|0.22|0.6577|
|=|         10|          9|        197|-2.054883718e+26|        379|01:30:00|+0.09|0.18|0.7900|
|=|          9|         14|        209|-1.528297566e+26|        454|02:30:03|+0.08|0.17|0.8500|
|-|          5|          5|        195|-1.615606271e+26|        332|01:00:24|+0.15|0.24|0.6065|
+-+-----------+-----------+-----------+----------------+-----------+--------+-----+----+------+
Best configuration for the instances in this race: 195
Best-so-far configuration:         165    mean value: -2.963909146e+26
Description of the best-so-far configuration:
    .ID. population_size_factor weight_generation decomposition neighbours   cr    f eta_m realb limit .PARENT.
165  165                     77   low discrepancy      weighted         20 0.05 0.21   3.5  0.41    15       14

# 2026-06-10 13:32:06 UTC: Elite configurations (first number is the configuration ID; listed from best to worst according to the sum of ranks):
    population_size_factor weight_generation decomposition neighbours   cr    f eta_m realb limit
165                     77   low discrepancy      weighted         20 0.05 0.21  3.50  0.41    15
154                    111   low discrepancy      weighted         49 0.33 0.71  5.29  0.92     9
195                    107   low discrepancy      weighted         39 0.47 0.90  1.31  0.98    13
237                     96   low discrepancy      weighted         23 0.03 0.18  2.73  0.60    13
216                     60   low discrepancy      weighted         28 0.02 0.37  4.75  0.27    16
# 2026-06-10 13:32:06 UTC: Iteration 5 of 5
# experimentsUsed: 1392
# timeUsed: 1253864
# boundEstimate: 900.764367816092
# remainingBudget: 1006
# currentBudget: 1006
# nbConfigurations: 88
# Markers:
     x No test is performed.
     c Configurations are discarded only due to capping.
     - The test is performed and some configurations are discarded.
     = The test is performed but no configuration is discarded.
     ! The test is performed and configurations could be discarded but elite configurations are preserved.
     . Alive configurations were already evaluated on this instance and nothing is discarded.
     : All alive configurations are elite, but some need to be evaluated on this instance.

+-+-----------+-----------+-----------+----------------+-----------+--------+-----+----+------+
| |   Instance|      Alive|       Best|       Mean best| Exp so far|  W time|  rho|KenW|  Qvar|
+-+-----------+-----------+-----------+----------------+-----------+--------+-----+----+------+
|=|          9|          9|        197|-1.868076108e+26|        385|01:30:01|+0.06|0.15|0.8115|
|-|         11|         10|        184|-1.388736187e+26|        468|03:30:02|-0.00|0.09|0.8487|
|-|         12|          7|        197|-1.712403102e+26|        394|02:15:03|-0.05|0.03|0.8942|
|-|          7|          6|        181|-1.921158014e+26|        452|22:39:48|+0.39|0.51|0.4836|
|-|          5|          4|        181|-3.169085012e+26|        456|01:00:33|+0.07|0.22|0.7197|
+-+-----------+-----------+-----------+----------------+-----------+--------+-----+----+------+
Best-so-far configuration:         181    mean value: -2.376813759e+26
Description of the best-so-far configuration:
    .ID. population_size_factor crossover_probability crossover_distribution mutation_probability mutation_distribution .PARENT.
181  181                     45                  0.42                  19.96                 0.01                  31.1       89

# 2026-06-10 18:10:17 UTC: Elite configurations (first number is the configuration ID; listed from best to worst according to the sum of ranks):
    population_size_factor crossover_probability crossover_distribution mutation_probability mutation_distribution
181                     45                  0.42                  19.96                 0.01                 31.10
151                     44                  0.52                  46.50                 0.01                 44.99
210                     41                  0.33                  30.83                 0.01                 43.28
226                     51                  0.23                  31.22                 0.01                 27.33
# 2026-06-10 18:10:17 UTC: Iteration 4 of 4
# experimentsUsed: 1410
# timeUsed: 1270282
# boundEstimate: 900.909219858156
# remainingBudget: 988
# currentBudget: 988
# nbConfigurations: 113
# Markers:
     x No test is performed.
     c Configurations are discarded only due to capping.
     - The test is performed and some configurations are discarded.
     = The test is performed but no configuration is discarded.
     ! The test is performed and configurations could be discarded but elite configurations are preserved.
     . Alive configurations were already evaluated on this instance and nothing is discarded.
     : All alive configurations are elite, but some need to be evaluated on this instance.

+-+-----------+-----------+-----------+----------------+-----------+--------+-----+----+------+
| |   Instance|      Alive|       Best|       Mean best| Exp so far|  W time|  rho|KenW|  Qvar|
+-+-----------+-----------+-----------+----------------+-----------+--------+-----+----+------+
|x|          9|         46|         91|-2.609375018e+26|        166|10:00:04|+0.45|0.59|0.4265|
|=|         13|          7|        197|-1.584505748e+26|        401|01:45:03|-0.05|0.03|0.8984|
|=|         12|         10|        184|-1.907750672e+26|        478|02:30:57|-0.01|0.08|0.8625|
|=|         14|          7|        197|-2.145013194e+26|        408|01:45:37|-0.05|0.03|0.8954|
+-+-----------+-----------+-----------+----------------+-----------+--------+-----+----+------+
Best-so-far configuration:         197    mean value: -2.145013194e+26
Description of the best-so-far configuration:
    .ID. population_size_factor omega   c1   c2  chi v_coeff leader_selection_range diversity_mechanism .PARENT.
197  197                     94  0.74 0.08 3.59 0.26    0.06                     89   crowding distance      187

# 2026-06-10 20:34:25 UTC: Elite configurations (first number is the configuration ID; listed from best to worst according to the sum of ranks):
    population_size_factor omega   c1   c2  chi v_coeff leader_selection_range diversity_mechanism
197                     94  0.74 0.08 3.59 0.26    0.06                     89   crowding distance
175                     99  0.64 0.48 3.71 0.15    0.12                     87   crowding distance
242                     86  0.76 1.34 3.26 0.18    0.12                     98   crowding distance
248                     93  0.62 0.34 3.06 0.33    0.09                     94             max min
229                    122  0.74 0.33 3.58 0.41    0.04                     86   crowding distance
# 2026-06-10 20:34:25 UTC: Iteration 5 of 5
# experimentsUsed: 1420
# timeUsed: 1278957
# boundEstimate: 900.673943661972
# remainingBudget: 978
# currentBudget: 978
# nbConfigurations: 69
# Markers:
     x No test is performed.
     c Configurations are discarded only due to capping.
     - The test is performed and some configurations are discarded.
     = The test is performed but no configuration is discarded.
     ! The test is performed and configurations could be discarded but elite configurations are preserved.
     . Alive configurations were already evaluated on this instance and nothing is discarded.
     : All alive configurations are elite, but some need to be evaluated on this instance.

+-+-----------+-----------+-----------+----------------+-----------+--------+-----+----+------+
| |   Instance|      Alive|       Best|       Mean best| Exp so far|  W time|  rho|KenW|  Qvar|
+-+-----------+-----------+-----------+----------------+-----------+--------+-----+----+------+
|=|         13|         10|        184|-1.761000622e+26|        488|02:30:03|+0.00|0.08|0.8492|
+-+-----------+-----------+-----------+----------------+-----------+--------+-----+----+------+
Best-so-far configuration:         184    mean value: -1.761000622e+26
Description of the best-so-far configuration:
    .ID. population_size_factor ker    q threshold n_gen_mark focus .PARENT.
184  184                     88   5 0.64       100         55  8.52      171

# 2026-06-10 21:57:16 UTC: Elite configurations (first number is the configuration ID; listed from best to worst according to the sum of ranks):
    population_size_factor ker    q threshold n_gen_mark focus
184                     88   5 0.64       100         55  8.52
68                     101   6 0.66        89         25  5.65
209                    105   5 0.32        98         31  4.87
242                     85   5 0.90        80         19  3.32
# 2026-06-10 21:57:16 UTC: Iteration 4 of 4
# experimentsUsed: 1426
# timeUsed: 1284128
# boundEstimate: 900.510518934081
# remainingBudget: 973
# currentBudget: 973
# nbConfigurations: 73
# Markers:
     x No test is performed.
     c Configurations are discarded only due to capping.
     - The test is performed and some configurations are discarded.
     = The test is performed but no configuration is discarded.
     ! The test is performed and configurations could be discarded but elite configurations are preserved.
     . Alive configurations were already evaluated on this instance and nothing is discarded.
     : All alive configurations are elite, but some need to be evaluated on this instance.

+-+-----------+-----------+-----------+----------------+-----------+--------+-----+----+------+
| |   Instance|      Alive|       Best|       Mean best| Exp so far|  W time|  rho|KenW|  Qvar|
+-+-----------+-----------+-----------+----------------+-----------+--------+-----+----+------+
|x|         12|         92|        267|-4.676690000e+24|         92|23:00:57|   NA|  NA|    NA|
|x|         10|        110|        317|-3.460150000e+18|        110|03:30:37|   NA|  NA|    NA|
|x|          2|         55|        167|-2.464201676e+26|        208|13:09:51|+0.46|0.59|0.5138|
|-|          5|         19|        187|-2.037780015e+26|        206|10:00:10|+0.06|0.25|0.9175|
|=|          8|         19|         91|-1.747149696e+26|        219|03:26:31|+0.05|0.21|0.9056|
|=|          1|         19|         91|-1.497556882e+26|        232|03:15:01|+0.09|0.22|0.8683|
|x|         12|         88|        195|-5.298560000e+18|         88|22:00:49|   NA|  NA|    NA|
|-|          7|         16|        167|-1.980931601e+26|        259|12:49:10|+0.08|0.26|0.8724|
|x|         15|         69|        268|-2.791240000e+17|         69|17:15:11|   NA|  NA|    NA|
|-|         11|         10|         91|-1.310362276e+26|        245|03:15:21|-0.03|0.10|0.9151|
|=|          4|         10|         91|-1.169515357e+26|        249|01:03:41|-0.05|0.06|0.9358|
|x|         14|         73|        242|-3.480770000e+24|         73|18:15:35|   NA|  NA|    NA|
|=|         12|         10|         91|-1.052563821e+26|        253|01:00:02|-0.04|0.07|0.9277|
|-|          9|         11|        167|-1.650776340e+26|        271|03:00:09|+0.05|0.21|0.9090|
|=|         13|         10|         91|-9.568762012e+25|        257|01:00:00|-0.03|0.06|0.9180|
|=|          6|         10|         91|-8.771365179e+25|        261|01:00:02|-0.01|0.08|0.8977|
|=|         10|         11|        205|-1.316017220e+26|        278|01:45:01|+0.12|0.25|0.8598|
|=|          3|         10|         91|-1.589102940e+26|        265|01:20:49|-0.03|0.05|0.9227|
|-|          5|          6|        205|-1.151515068e+26|        285|01:45:01|+0.11|0.22|0.6397|
+-+-----------+-----------+-----------+----------------+-----------+--------+-----+----+------+
Best-so-far configuration:         205    mean value: -1.615410053e+26
Description of the best-so-far configuration:
    .ID. population_size_factor min_elites_percentage max_elites_percentage mutation_probability mutation_distribution num_total_parents num_elite_parents bias_type diversity_type crossover_type num_populations exchange_interval num_exchange_individuals pr_type pr_dist_func pr_percentage pr_interval shake_interval shake_intensity shake_distribution reset_interval .PARENT.
205  205                     96                  0.09                  0.64                 0.01                 99.13                 5                 4         4              0              0               4               918                       27       0            0          0.15         708             11            0.51              81.95              0       83

# 2026-06-11 20:18:23 UTC: Elite configurations (first number is the configuration ID; listed from best to worst according to the sum of ranks):
    population_size_factor min_elites_percentage max_elites_percentage mutation_probability mutation_distribution num_total_parents num_elite_parents bias_type diversity_type crossover_type num_populations exchange_interval num_exchange_individuals pr_type pr_dist_func pr_percentage pr_interval shake_interval shake_intensity shake_distribution reset_interval
205                     96                  0.09                  0.64                 0.01                 99.13                 5                 4         4              0              0               4               918                       27       0            0          0.15         708             11            0.51              81.95              0
167                     82                  0.35                  0.52                 0.01                 50.10                 5                 5         4              0              0               3               416                       52       0            0          0.14         745            196            0.48              57.28              0
179                    114                  0.17                  0.40                 0.01                 72.35                 5                 4         0              3              0               3               403                       16       0            0          0.65         835            879            0.59              70.71              0
191                     88                  0.15                  0.71                 0.01                 76.02                 5                 4         4              0              0               2               369                       30       0            1          0.45         478            342            0.22              83.23              0
235                    119                  0.27                  0.66                 0.06                 93.24                 5                 5         4              0              0               4               537                       34       0            0          0.41         800              5            0.70              79.27              0
256                    110                  0.09                  0.35                 0.02                 79.23                 5                 5         0              0              0               5               856                       10       0            0          0.50         727             70            0.54              96.82              0
# 2026-06-11 20:18:23 UTC: Iteration 6 of 6
# experimentsUsed: 1484
# timeUsed: 1363059
# boundEstimate: 918.503369272237
# remainingBudget: 868
# currentBudget: 868
# nbConfigurations: 77
# Markers:
     x No test is performed.
     c Configurations are discarded only due to capping.
     - The test is performed and some configurations are discarded.
     = The test is performed but no configuration is discarded.
     ! The test is performed and configurations could be discarded but elite configurations are preserved.
     . Alive configurations were already evaluated on this instance and nothing is discarded.
     : All alive configurations are elite, but some need to be evaluated on this instance.

+-+-----------+-----------+-----------+----------------+-----------+--------+-----+----+------+
| |   Instance|      Alive|       Best|       Mean best| Exp so far|  W time|  rho|KenW|  Qvar|
+-+-----------+-----------+-----------+----------------+-----------+--------+-----+----+------+
|x|          6|         92|        267|-2.338346771e+24|        180|22:00:31|+0.92|0.96|0.1540|
|=|         10|         10|         91|-2.196867015e+26|        269|01:27:58|-0.03|0.04|0.9272|
|x|          9|        113|        370|-1.188280000e+11|        113|04:15:13|   NA|  NA|    NA|
|=|         15|         10|         91|-2.053455101e+26|        279|02:40:52|-0.02|0.05|0.9139|
+-+-----------+-----------+-----------+----------------+-----------+--------+-----+----+------+
Best-so-far configuration:          91    mean value: -2.053455101e+26
Description of the best-so-far configuration:
   .ID. population_size_factor min_elites_percentage max_elites_percentage mutation_probability mutation_distribution num_total_parents num_elite_parents bias_type diversity_type crossover_type num_populations exchange_interval num_exchange_individuals pr_type pr_dist_func pr_percentage pr_interval shake_interval reset_interval .PARENT.
91   91                     44                  0.19                  0.49                 0.78                 14.82                 5                 3         4              2              0               3               306                        1       1            2          0.67          27              0              0       26

# 2026-06-11 23:53:21 UTC: Elite configurations (first number is the configuration ID; listed from best to worst according to the sum of ranks):
    population_size_factor min_elites_percentage max_elites_percentage mutation_probability mutation_distribution num_total_parents num_elite_parents bias_type diversity_type crossover_type num_populations exchange_interval num_exchange_individuals pr_type pr_dist_func pr_percentage pr_interval shake_interval reset_interval
91                      44                  0.19                  0.49                 0.78                 14.82                 5                 3         4              2              0               3               306                        1       1            2          0.67          27              0              0
145                     58                  0.12                  0.66                 0.65                 32.79                 4                 3         1              0              0               4               117                       20       1            2          0.94          37              0              0
187                     44                  0.21                  0.55                 0.84                 16.35                 4                 4         1              2              0               3               408                       28       1            2          0.65           4              0              0
234                     91                  0.19                  0.84                 0.90                 50.91                 3                 2         1              0              0               3               337                       33       1            2          0.90           2              0              0
134                     50                  0.19                  0.76                 0.49                 27.67                 5                 1         1              1              0               4               245                       49       1            0          0.66          44              0              0
251                     49                  0.39                  0.51                 0.72                 76.02                 5                 4         4              0              0               4               255                        7       1            0          0.73          26              0              0
# 2026-06-11 23:53:21 UTC: Iteration 6 of 6
# experimentsUsed: 1478
# timeUsed: 1375445
# boundEstimate: 930.612313937754
# remainingBudget: 843
# currentBudget: 843
# nbConfigurations: 58
# Markers:
     x No test is performed.
     c Configurations are discarded only due to capping.
     - The test is performed and some configurations are discarded.
     = The test is performed but no configuration is discarded.
     ! The test is performed and configurations could be discarded but elite configurations are preserved.
     . Alive configurations were already evaluated on this instance and nothing is discarded.
     : All alive configurations are elite, but some need to be evaluated on this instance.

+-+-----------+-----------+-----------+----------------+-----------+--------+-----+----+------+
| |   Instance|      Alive|       Best|       Mean best| Exp so far|  W time|  rho|KenW|  Qvar|
+-+-----------+-----------+-----------+----------------+-----------+--------+-----+----+------+
|x|          7|        110|        317|-1.849616500e+18|        217|02:45:14|+0.85|0.92|0.2728|
|x|          3|         69|        293|-2.110362500e+18|        133|16:00:23|+0.89|0.95|0.0776|
|x|          1|         88|        324|-2.789918000e+18|        171|20:45:25|+0.61|0.81|0.1888|
|x|          9|         73|        242|-1.740386351e+24|        142|17:15:25|+0.40|0.70|0.5505|
|x|         16|         58|        288|-4.459390000e+24|         58|15:06:22|   NA|  NA|    NA|
|x|         12|         77|        318|-1.033350000e+27|         77|19:38:12|   NA|  NA|    NA|
|x|          3|         92|        267|-2.977371181e+24|        268|22:00:52|+0.91|0.94|0.1259|
|x|         10|         69|        279|-1.395557703e+18|        197|16:00:07|+0.78|0.86|0.1607|
|x|          1|        113|        346|-1.803470059e+18|        222|03:15:51|+0.51|0.75|0.4681|
|x|          5|         73|        294|-2.561975909e+26|        211|17:21:00|+0.33|0.56|0.4877|
|x|          9|         58|        266|-2.188810000e+24|        110|13:00:05|+0.41|0.70|0.3790|
|x|          7|         88|        324|-1.859945376e+18|        254|20:45:10|+0.64|0.76|0.2121|
|x|          8|        110|        317|-1.233077704e+18|        326|03:15:11|+0.81|0.88|0.2309|
|x|          3|         77|        325|-4.903535000e+26|        150|18:15:11|+0.17|0.59|0.8244|
|x|          2|         69|        268|-1.372731048e+24|        261|16:00:32|+0.74|0.80|0.1785|
|x|          4|         92|        320|-1.991770881e+24|        356|22:00:08|+0.41|0.56|0.6548|
|x|          4|         58|        261|-2.922856667e+24|        162|14:03:55|+0.32|0.55|0.3786|
|x|         13|         73|        184|-1.909541663e+26|        280|17:15:26|+0.39|0.55|0.4779|
|x|         11|         88|        276|-1.853176390e+24|        337|20:46:39|+0.56|0.67|0.2335|
|x|          7|         77|        179|-3.268210400e+26|        221|17:51:10|+0.32|0.55|0.6404|
|x|          8|        113|        285|-1.519237872e+24|        331|03:18:09|+0.65|0.77|0.3374|
|-|          6|         17|        268|-1.098185606e+24|        325|16:00:26|-0.05|0.16|0.9709|
|x|         13|         58|        269|-2.137895000e+24|        214|13:00:07|+0.38|0.53|0.3397|
|x|          6|        110|        317|-2.099942509e+26|        433|02:54:06|+0.59|0.70|0.3563|
|=|         12|         17|        268|-9.151553193e+23|        337|03:00:04|-0.00|0.16|0.9336|
|=|          8|         17|        268|-1.442001331e+26|        349|03:01:02|-0.01|0.14|0.9296|
|-|          8|         19|        294|-1.537185551e+26|        349|17:15:11|-0.02|0.19|0.9155|
|=|          7|         17|        268|-1.268415652e+26|        361|03:00:05|+0.02|0.14|0.9100|
|-|         11|         31|        333|-1.617658742e+24|        444|22:00:15|+0.08|0.26|0.8555|
|=|          2|         19|        294|-1.280987959e+26|        364|03:45:02|+0.02|0.18|0.8968|
|=|         14|         17|        268|-2.259736135e+26|        373|03:01:01|+0.04|0.15|0.8875|
|-|          7|         26|        269|-1.710316736e+24|        266|13:01:31|-0.05|0.16|1.0348|
|=|          7|         19|        242|-1.092765651e+26|        379|03:45:08|+0.04|0.18|0.9274|
|=|         13|         17|        268|-2.039038022e+26|        385|03:00:05|+0.07|0.16|0.8696|
|x|          9|         77|        266|-2.486153084e+26|        292|17:47:07|+0.45|0.59|0.5241|
|-|         10|         20|        267|-1.534123523e+26|        471|06:47:38|-0.02|0.15|1.0079|
|-|          2|         21|        276|-1.482542170e+24|        420|20:45:49|+0.06|0.25|0.8651|
|=|         11|         17|        268|-1.853670929e+26|        397|03:00:01|+0.06|0.14|0.8702|
|=|          1|         19|        209|-9.629739320e+25|        394|03:45:01|+0.06|0.17|0.8944|
|=|          2|         26|        269|-1.425264571e+24|        286|05:01:21|+0.01|0.18|0.9742|
|=|          1|         20|        267|-1.314963020e+26|        487|04:00:03|+0.03|0.17|0.9575|
|=|          6|         21|        276|-1.235452683e+24|        436|04:00:09|+0.11|0.26|0.8192|
|-|          9|         12|        268|-1.699198352e+26|        409|03:00:01|-0.02|0.07|0.9358|
|-|         10|         14|        209|-8.559768285e+25|        409|03:45:01|-0.05|0.07|0.9520|
|=|          4|         12|        268|-1.568490786e+26|        416|01:45:00|-0.02|0.06|0.9335|
|=|          7|         20|        299|-1.047231793e+26|        503|04:00:01|+0.04|0.16|0.9094|
|=|         15|         26|        269|-1.814245347e+24|        306|05:15:08|-0.01|0.13|0.9864|
|=|          5|         12|        268|-1.456455730e+26|        423|01:45:01|-0.00|0.07|0.9196|
|=|         11|         14|        209|-7.703791458e+25|        419|02:30:01|-0.02|0.08|0.9496|
|-|          9|         11|        276|-2.316946737e+26|        455|04:47:03|+0.17|0.29|0.7344|
|=|          1|         12|        251|-2.070308862e+26|        430|01:45:39|-0.01|0.06|0.9270|
|x|          4|        113|        226|-1.142355896e+24|        442|03:45:14|+0.57|0.68|0.4167|
|-|          8|          9|        276|-2.027328396e+26|        461|01:30:02|+0.29|0.38|0.6171|
|=|          6|         14|        184|-1.388709160e+26|        429|02:30:49|-0.03|0.07|0.9405|
|-|          3|          7|        276|-1.802069685e+26|        465|01:00:00|+0.36|0.43|0.5217|
|=|          2|         20|        267|-2.087306793e+26|        519|04:01:30|+0.03|0.14|0.9635|
|!|          5|          7|        276|-3.289852716e+26|        467|00:30:13|+0.35|0.41|0.5284|
|!|         10|          7|        276|-2.997546142e+26|        469|00:30:02|+0.39|0.44|0.5079|
|=|         16|         12|        293|-1.767107529e+26|        442|03:00:04|-0.01|0.05|0.9265|
+-+-----------+-----------+-----------+----------------+-----------+--------+-----+----+------+
Best-so-far configuration:         293    mean value: -1.767107529e+26
Description of the best-so-far configuration:
    .ID. population_size_factor omega   c1   c2  chi v_coeff leader_selection_range diversity_mechanism .PARENT.
293  293                    104   0.6 0.24 3.23 0.17    0.09                     87             max min      248

# 2026-06-15 11:09:19 UTC: Elite configurations (first number is the configuration ID; listed from best to worst according to the sum of ranks):
    population_size_factor omega   c1   c2  chi v_coeff leader_selection_range diversity_mechanism
293                    104  0.60 0.24 3.23 0.17    0.09                     87             max min
251                     92  0.70 0.11 3.17 0.24    0.08                     95   crowding distance
262                     93  0.79 0.57 3.28 0.30    0.06                     85   crowding distance
268                     89  0.81 0.57 3.63 0.26    0.05                     97   crowding distance
279                     83  0.77 1.36 3.39 0.24    0.06                     93   crowding distance
# 2026-06-15 11:09:19 UTC: Iteration 6 of 6
# experimentsUsed: 1862
# timeUsed: 1676843
# boundEstimate: 900.56015037594
# remainingBudget: 537
# currentBudget: 537
# nbConfigurations: 36
# Markers:
     x No test is performed.
     c Configurations are discarded only due to capping.
     - The test is performed and some configurations are discarded.
     = The test is performed but no configuration is discarded.
     ! The test is performed and configurations could be discarded but elite configurations are preserved.
     . Alive configurations were already evaluated on this instance and nothing is discarded.
     : All alive configurations are elite, but some need to be evaluated on this instance.

+-+-----------+-----------+-----------+----------------+-----------+--------+-----+----+------+
| |   Instance|      Alive|       Best|       Mean best| Exp so far|  W time|  rho|KenW|  Qvar|
+-+-----------+-----------+-----------+----------------+-----------+--------+-----+----+------+
|-|          5|         22|        317|-1.689027747e+26|        542|03:15:46|+0.58|0.66|0.2927|
|-|          4|          3|        276|-2.753685747e+26|        471|00:30:02|+0.05|0.13|0.6247|
+-+-----------+-----------+-----------+----------------+-----------+--------+-----+----+------+
Best-so-far configuration:         276    mean value: -2.753685747e+26
Description of the best-so-far configuration:
    .ID. population_size_factor weight_generation decomposition neighbours   cr    f eta_m realb limit .PARENT.
276  276                     96   low discrepancy      weighted         24 0.04 0.34  1.76  0.69    14      237

# 2026-06-15 11:23:36 UTC: Elite configurations (first number is the configuration ID; listed from best to worst according to the sum of ranks):
    population_size_factor weight_generation decomposition neighbours   cr    f eta_m realb limit
276                     96   low discrepancy      weighted         24 0.04 0.34  1.76  0.69    14
254                     86   low discrepancy      weighted         17 0.02 0.13  2.73  0.52    16
195                    107   low discrepancy      weighted         39 0.47 0.90  1.31  0.98    13
# 2026-06-15 11:23:36 UTC: Iteration 6 of 6
# experimentsUsed: 1863
# timeUsed: 1677974
# boundEstimate: 900.683843263553
# remainingBudget: 535
# currentBudget: 535
# nbConfigurations: 43
# Markers:
     x No test is performed.
     c Configurations are discarded only due to capping.
     - The test is performed and some configurations are discarded.
     = The test is performed but no configuration is discarded.
     ! The test is performed and configurations could be discarded but elite configurations are preserved.
     . Alive configurations were already evaluated on this instance and nothing is discarded.
     : All alive configurations are elite, but some need to be evaluated on this instance.

+-+-----------+-----------+-----------+----------------+-----------+--------+-----+----+------+
| |   Instance|      Alive|       Best|       Mean best| Exp so far|  W time|  rho|KenW|  Qvar|
+-+-----------+-----------+-----------+----------------+-----------+--------+-----+----+------+
|=|         12|         14|        184|-1.907725897e+26|        439|02:30:51|-0.03|0.05|0.9520|
|=|         10|         26|        269|-1.325149647e+26|        326|06:59:03|+0.03|0.15|0.9450|
|=|          9|         20|        267|-1.878576114e+26|        535|04:00:03|+0.06|0.15|0.9299|
|=|          3|         14|        184|-1.760977753e+26|        449|02:30:03|-0.03|0.05|0.9380|
|-|          5|         17|        179|-1.960926248e+26|        363|17:45:23|+0.17|0.34|0.7630|
|-|          3|          7|        317|-1.407523123e+26|        561|04:45:01|+0.68|0.73|0.1409|
|=|          4|         14|        184|-1.637223192e+26|        459|02:30:04|-0.02|0.05|0.9370|
|-|          2|          4|        317|-1.206448396e+26|        565|01:00:01|+0.83|0.85|0.0528|
+-+-----------+-----------+-----------+----------------+-----------+--------+-----+----+------+
Best configuration for the instances in this race: 317
Best-so-far configuration:         118    mean value: -1.491555796e+26
Description of the best-so-far configuration:
    .ID. population_size_factor    phmcr ppar_min ppar_max   bw_min   bw_max .PARENT.
118  118                     45 0.960418 0.464715 0.858418 0.001952 0.988672       48

# 2026-06-15 17:03:27 UTC: Elite configurations (first number is the configuration ID; listed from best to worst according to the sum of ranks):
    population_size_factor    phmcr ppar_min ppar_max   bw_min   bw_max
118                     45 0.960418 0.464715 0.858418 0.001952 0.988672
197                     25 0.979619 0.219406 0.847994 0.004034 0.879716
236                     30 0.972348 0.493247 0.905065 0.005843 0.940510
317                     46 0.975727 0.470562 0.829922 0.000007 0.974409
# 2026-06-15 17:03:27 UTC: Iteration 5 of 5
# experimentsUsed: 1886
# timeUsed: 1698240
# boundEstimate: 900.445387062566
# remainingBudget: 513
# currentBudget: 513
# nbConfigurations: 50
# Markers:
     x No test is performed.
     c Configurations are discarded only due to capping.
     - The test is performed and some configurations are discarded.
     = The test is performed but no configuration is discarded.
     ! The test is performed and configurations could be discarded but elite configurations are preserved.
     . Alive configurations were already evaluated on this instance and nothing is discarded.
     : All alive configurations are elite, but some need to be evaluated on this instance.

+-+-----------+-----------+-----------+----------------+-----------+--------+-----+----+------+
| |   Instance|      Alive|       Best|       Mean best| Exp so far|  W time|  rho|KenW|  Qvar|
+-+-----------+-----------+-----------+----------------+-----------+--------+-----+----+------+
|-|          5|         13|        267|-1.707796471e+26|        551|04:00:06|-0.04|0.06|0.9029|
|=|          1|         26|        269|-1.177910797e+26|        346|05:00:01|+0.05|0.16|0.9168|
|-|          4|         11|        205|-1.505916780e+26|        376|03:15:24|-0.02|0.15|0.9200|
|x|         17|         36|        327|-1.098880000e+11|         36|09:00:04|   NA|  NA|    NA|
|=|          8|         13|        267|-1.569265490e+26|        560|02:15:04|-0.03|0.06|0.9007|
|=|         15|         14|        184|-1.528074979e+26|        473|03:30:01|+0.00|0.07|0.9195|
+-+-----------+-----------+-----------+----------------+-----------+--------+-----+----+------+
Best-so-far configuration:         184    mean value: -1.528074979e+26
Description of the best-so-far configuration:
    .ID. population_size_factor ker    q threshold n_gen_mark focus .PARENT.
184  184                     88   5 0.64       100         55  8.52      171

# 2026-06-15 20:22:04 UTC: Elite configurations (first number is the configuration ID; listed from best to worst according to the sum of ranks):
    population_size_factor ker    q threshold n_gen_mark focus
184                     88   5 0.64       100         55  8.52
258                     85   5 0.98        66         15  3.43
261                     85   5 0.90        78         13  3.47
68                     101   6 0.66        89         25  5.65
# 2026-06-15 20:22:04 UTC: Iteration 5 of 5
# experimentsUsed: 1899
# timeUsed: 1710083
# boundEstimate: 900.517640863612
# remainingBudget: 500
# currentBudget: 500
# nbConfigurations: 35
# Markers:
     x No test is performed.
     c Configurations are discarded only due to capping.
     - The test is performed and some configurations are discarded.
     = The test is performed but no configuration is discarded.
     ! The test is performed and configurations could be discarded but elite configurations are preserved.
     . Alive configurations were already evaluated on this instance and nothing is discarded.
     : All alive configurations are elite, but some need to be evaluated on this instance.

+-+-----------+-----------+-----------+----------------+-----------+--------+-----+----+------+
| |   Instance|      Alive|       Best|       Mean best| Exp so far|  W time|  rho|KenW|  Qvar|
+-+-----------+-----------+-----------+----------------+-----------+--------+-----+----+------+
|=|          6|         11|        167|-2.857565911e+26|        383|01:46:34|+0.04|0.17|0.8851|
|=|          2|         11|        167|-3.726397672e+26|        388|01:19:00|+0.08|0.20|0.8422|
|x|         13|         43|        344|-1.274910000e+11|         43|10:45:05|   NA|  NA|    NA|
|-|         11|          9|        167|-3.312353487e+26|        393|01:15:00|+0.12|0.22|0.7604|
|=|          5|         26|        281|-1.057293828e+26|        366|05:00:07|+0.05|0.15|0.9198|
|=|         13|         13|        267|-1.448552763e+26|        573|03:15:04|-0.01|0.07|0.8739|
+-+-----------+-----------+-----------+----------------+-----------+--------+-----+----+------+
Best-so-far configuration:         267    mean value: -1.448552763e+26
Description of the best-so-far configuration:
    .ID. population_size_factor elites_percentage mutation_probability mutation_distribution num_total_parents num_elite_parents bias_type crossover_type diversity_type num_populations exchange_interval num_exchange_individuals pr_interval shake_interval reset_interval .PARENT.
267  267                     95              0.44                 0.01                 91.09                 3                 2         4              0              0               1                 0                        1           0              0              0      235

# 2026-06-15 23:28:19 UTC: Elite configurations (first number is the configuration ID; listed from best to worst according to the sum of ranks):
    population_size_factor elites_percentage mutation_probability mutation_distribution num_total_parents num_elite_parents bias_type crossover_type diversity_type num_populations exchange_interval num_exchange_individuals pr_interval shake_interval reset_interval
267                     95              0.44                 0.01                 91.09                 3                 2         4              0              0               1                 0                        1           0              0              0
291                    108              0.47                 0.01                 62.34                 3                 1         6              0              0               1                 0                        1           0              0              0
222                    101              0.41                 0.01                 89.93                 4                 1         4              0              0               1                 0                        1           0              0              0
299                    102              0.40                 0.01                 87.93                 4                 1         4              0              0               1                 0                        1           0              0              0
229                    107              0.46                 0.01                 54.12                 3                 1         6              0              0               1                 0                        1           0              0              0
# 2026-06-15 23:28:19 UTC: Iteration 6 of 6
# experimentsUsed: 1911
# timeUsed: 1721216
# boundEstimate: 900.688644688645
# remainingBudget: 487
# currentBudget: 487
# nbConfigurations: 39
# Markers:
     x No test is performed.
     c Configurations are discarded only due to capping.
     - The test is performed and some configurations are discarded.
     = The test is performed but no configuration is discarded.
     ! The test is performed and configurations could be discarded but elite configurations are preserved.
     . Alive configurations were already evaluated on this instance and nothing is discarded.
     : All alive configurations are elite, but some need to be evaluated on this instance.

+-+-----------+-----------+-----------+----------------+-----------+--------+-----+----+------+
| |   Instance|      Alive|       Best|       Mean best| Exp so far|  W time|  rho|KenW|  Qvar|
+-+-----------+-----------+-----------+----------------+-----------+--------+-----+----+------+
|!|          8|          9|        167|-2.981118138e+26|        396|00:45:00|+0.11|0.20|0.7506|
|=|          1|          9|        167|-2.714524371e+26|        399|00:45:02|+0.06|0.14|0.7975|
|=|         10|          9|        167|-2.488314007e+26|        402|00:45:00|+0.08|0.15|0.7800|
|=|         13|          9|        205|-2.062176614e+26|        411|02:16:01|+0.06|0.13|0.8038|
+-+-----------+-----------+-----------+----------------+-----------+--------+-----+----+------+
Best-so-far configuration:         205    mean value: -2.062176614e+26
Description of the best-so-far configuration:
    .ID. population_size_factor min_elites_percentage max_elites_percentage mutation_probability mutation_distribution num_total_parents num_elite_parents bias_type diversity_type crossover_type num_populations exchange_interval num_exchange_individuals pr_type pr_dist_func pr_percentage pr_interval shake_interval shake_intensity shake_distribution reset_interval .PARENT.
205  205                     96                  0.09                  0.64                 0.01                 99.13                 5                 4         4              0              0               4               918                       27       0            0          0.15         708             11            0.51              81.95              0       83

# 2026-06-16 03:42:34 UTC: Elite configurations (first number is the configuration ID; listed from best to worst according to the sum of ranks):
    population_size_factor min_elites_percentage max_elites_percentage mutation_probability mutation_distribution num_total_parents num_elite_parents bias_type diversity_type crossover_type num_populations exchange_interval num_exchange_individuals pr_type pr_dist_func pr_percentage pr_interval shake_interval shake_intensity shake_distribution reset_interval
205                     96                  0.09                  0.64                 0.01                 99.13                 5                 4         4              0              0               4               918                       27       0            0          0.15         708             11            0.51              81.95              0
167                     82                  0.35                  0.52                 0.01                 50.10                 5                 5         4              0              0               3               416                       52       0            0          0.14         745            196            0.48              57.28              0
179                    114                  0.17                  0.40                 0.01                 72.35                 5                 4         0              3              0               3               403                       16       0            0          0.65         835            879            0.59              70.71              0
235                    119                  0.27                  0.66                 0.06                 93.24                 5                 5         4              0              0               4               537                       34       0            0          0.41         800              5            0.70              79.27              0
266                    103                  0.19                  0.40                 0.01                 88.53                 5                 4         4              0              0               3               979                       40       0            0          0.13         535            368            0.34              94.02              0
318                     99                  0.32                  0.65                 0.01                 96.58                 5                 4         4              0              0               3               896                       23       0            0          0.49         873            324            0.65              90.07              0
# 2026-06-16 03:42:34 UTC: Iteration 7 of 7
# experimentsUsed: 1895
# timeUsed: 1734953
# boundEstimate: 915.542480211082
# remainingBudget: 464
# currentBudget: 464
# nbConfigurations: 38
# Markers:
     x No test is performed.
     c Configurations are discarded only due to capping.
     - The test is performed and some configurations are discarded.
     = The test is performed but no configuration is discarded.
     ! The test is performed and configurations could be discarded but elite configurations are preserved.
     . Alive configurations were already evaluated on this instance and nothing is discarded.
     : All alive configurations are elite, but some need to be evaluated on this instance.

+-+-----------+-----------+-----------+----------------+-----------+--------+-----+----+------+
| |   Instance|      Alive|       Best|       Mean best| Exp so far|  W time|  rho|KenW|  Qvar|
+-+-----------+-----------+-----------+----------------+-----------+--------+-----+----+------+
|x|          9|         36|        334|-1.347985549e+17|         67|07:45:05|+0.72|0.86|0.1685|
|=|          8|         26|        281|-9.649684888e+25|        386|05:23:42|+0.04|0.13|0.9283|
|x|         16|         35|         68|-3.441200000e+24|         35|08:45:19|   NA|  NA|    NA|
|x|         11|         50|        317|-3.427650000e+18|         50|12:30:16|   NA|  NA|    NA|
|x|         12|         43|        276|-2.614840064e+18|         83|10:00:25|+0.39|0.70|0.6208|
|x|         14|         39|        355|-1.163980000e+27|         39|09:48:38|   NA|  NA|    NA|
|x|          6|         36|        334|-1.420872370e+18|         98|07:45:11|+0.67|0.78|0.1818|
|-|          3|         17|        281|-1.759762781e+26|        406|07:03:15|-0.02|0.06|0.9748|
|-|          6|         27|        226|-9.138854250e+23|        551|03:15:55|+0.03|0.22|0.9059|
|x|         12|         35|        184|-3.822375150e+26|         66|07:47:48|+0.23|0.62|0.4325|
|x|         14|         38|        179|-1.101990000e+11|         38|09:30:04|   NA|  NA|    NA|
|=|         12|         17|        281|-1.624396414e+26|        417|02:45:05|-0.02|0.06|0.9672|
|x|          3|         50|        317|-1.713825056e+18|         96|11:30:05|+0.68|0.84|0.2780|
|x|         11|         39|        267|-4.420740001e+26|         73|08:30:05|+0.43|0.71|0.9040|
|-|          5|         13|        285|-1.614111195e+26|        574|05:47:53|+0.11|0.26|0.7623|
|x|          9|         43|        360|-5.665900017e+26|        123|10:03:56|+0.17|0.44|0.8066|
|=|         14|         17|        281|-2.243939527e+26|        428|04:01:37|-0.00|0.07|0.9530|
|x|         13|         36|        334|-1.320968566e+24|        129|07:45:15|+0.66|0.75|0.1756|
|-|          7|          8|        285|-2.765562453e+26|        583|02:16:02|+0.18|0.30|0.6748|
|x|          2|         35|        184|-2.548250101e+26|         97|07:45:05|+0.26|0.51|0.4196|
|-|          2|          7|        285|-2.425577697e+26|        587|01:00:10|+0.17|0.27|0.6289|
|x|          8|         38|        235|-1.099350000e+11|         70|08:00:03|+0.80|0.90|0.1895|
|=|         11|         17|        281|-2.094343561e+26|        439|02:45:38|+0.02|0.08|0.9392|
|=|          3|          7|        285|-2.156069064e+26|        592|01:15:01|+0.12|0.22|0.6942|
|=|         10|          7|        285|-1.940462158e+26|        599|01:45:01|+0.10|0.19|0.7221|
+-+-----------+-----------+-----------+----------------+-----------+--------+-----+----+------+
Best-so-far configuration:         285    mean value: -1.940462158e+26
Description of the best-so-far configuration:
    .ID. population_size_factor crossover_probability crossover_distribution mutation_probability mutation_distribution .PARENT.
285  285                     42                  0.38                  24.92                 0.01                 29.33      181

# 2026-06-17 00:04:51 UTC: Elite configurations (first number is the configuration ID; listed from best to worst according to the sum of ranks):
    population_size_factor crossover_probability crossover_distribution mutation_probability mutation_distribution
285                     42                  0.38                  24.92                 0.01                 29.33
327                     40                  0.40                  22.13                 0.01                 28.34
324                     41                  0.44                  18.93                 0.01                 32.39
181                     45                  0.42                  19.96                 0.01                 31.10
# 2026-06-17 00:04:51 UTC: Iteration 5 of 5
# experimentsUsed: 2009
# timeUsed: 1809633
# boundEstimate: 900.763066202091
# remainingBudget: 389
# currentBudget: 389
# nbConfigurations: 39
# Markers:
     x No test is performed.
     c Configurations are discarded only due to capping.
     - The test is performed and some configurations are discarded.
     = The test is performed but no configuration is discarded.
     ! The test is performed and configurations could be discarded but elite configurations are preserved.
     . Alive configurations were already evaluated on this instance and nothing is discarded.
     : All alive configurations are elite, but some need to be evaluated on this instance.

+-+-----------+-----------+-----------+----------------+-----------+--------+-----+----+------+
| |   Instance|      Alive|       Best|       Mean best| Exp so far|  W time|  rho|KenW|  Qvar|
+-+-----------+-----------+-----------+----------------+-----------+--------+-----+----+------+
|=|          6|         17|        281|-1.963447089e+26|        450|02:45:04|+0.02|0.08|0.9293|
|x|          6|         39|        343|-3.136270013e+26|        107|08:30:15|+0.63|0.75|0.5485|
|-|          2|         15|        334|-2.113248853e+24|        160|07:45:15|+0.10|0.28|0.7766|
|x|         10|         43|        360|-4.267764938e+26|        163|10:00:44|+0.27|0.46|0.6826|
|=|         17|         17|        281|-1.847950201e+26|        467|04:15:09|+0.02|0.08|0.9378|
+-+-----------+-----------+-----------+----------------+-----------+--------+-----+----+------+
Best-so-far configuration:         281    mean value: -1.847950201e+26
Description of the best-so-far configuration:
    .ID. population_size_factor min_elites_percentage max_elites_percentage mutation_probability mutation_distribution num_total_parents num_elite_parents bias_type diversity_type crossover_type num_populations exchange_interval num_exchange_individuals pr_type pr_dist_func pr_percentage pr_interval shake_interval reset_interval .PARENT.
281  281                     60                   0.1                  0.74                 0.51                  30.8                 4                 2         1              0              0               4               264                       20       1            2          0.95           7              0              0      145

# 2026-06-17 04:20:41 UTC: Elite configurations (first number is the configuration ID; listed from best to worst according to the sum of ranks):
    population_size_factor min_elites_percentage max_elites_percentage mutation_probability mutation_distribution num_total_parents num_elite_parents bias_type diversity_type crossover_type num_populations exchange_interval num_exchange_individuals pr_type pr_dist_func pr_percentage pr_interval shake_interval reset_interval
281                     60                  0.10                  0.74                 0.51                 30.80                 4                 2         1              0              0               4               264                       20       1            2          0.95           7              0              0
269                     48                  0.28                  0.33                 0.98                  6.95                 4                 4         1              2              0               3               547                       30       1            2          0.77          21              0              0
91                      44                  0.19                  0.49                 0.78                 14.82                 5                 3         4              2              0               3               306                        1       1            2          0.67          27              0              0
288                     51                  0.33                  0.43                 0.53                 14.35                 4                 4         1              2              0               3               676                       13       1            2          0.66          19              0              0
296                     83                  0.27                  0.90                 0.75                 60.66                 3                 2         1              0              0               3               137                       19       1            2          0.98          31              0              0
134                     50                  0.19                  0.76                 0.49                 27.67                 5                 1         1              1              0               4               245                       49       1            0          0.66          44              0              0
# 2026-06-17 04:20:41 UTC: Iteration 7 of 7
# experimentsUsed: 1945
# timeUsed: 1821452
# boundEstimate: 936.479177377892
# remainingBudget: 362
# currentBudget: 362
# nbConfigurations: 25
# Markers:
     x No test is performed.
     c Configurations are discarded only due to capping.
     - The test is performed and some configurations are discarded.
     = The test is performed but no configuration is discarded.
     ! The test is performed and configurations could be discarded but elite configurations are preserved.
     . Alive configurations were already evaluated on this instance and nothing is discarded.
     : All alive configurations are elite, but some need to be evaluated on this instance.

+-+-----------+-----------+-----------+----------------+-----------+--------+-----+----+------+
| |   Instance|      Alive|       Best|       Mean best| Exp so far|  W time|  rho|KenW|  Qvar|
+-+-----------+-----------+-----------+----------------+-----------+--------+-----+----+------+
|x|          6|         35|        184|-3.813555075e+26|        128|07:47:48|+0.33|0.49|0.3453|
|x|          4|         50|        317|-1.224117371e+18|        143|11:45:07|+0.79|0.86|0.2399|
|x|          9|         38|        235|-1.249466740e+18|        102|08:00:17|+0.69|0.80|0.3101|
|-|         12|         11|        334|-1.761041368e+24|        170|02:30:04|+0.24|0.37|0.6395|
|-|          1|          9|        334|-1.502866069e+26|        176|01:30:32|+0.26|0.36|0.6046|
|!|         16|          9|        334|-1.315007815e+26|        180|01:00:01|+0.19|0.29|0.6658|
|!|          7|          9|        316|-1.105027491e+26|        184|01:00:01|+0.22|0.31|0.6462|
|x|         11|         39|        327|-3.638010000e+18|         39|09:45:21|   NA|  NA|    NA|
|!|          4|          9|        334|-1.057266222e+26|        188|01:00:00|+0.13|0.22|0.7229|
|x|         18|         25|         91|-1.046790000e+11|         25|06:15:03|   NA|  NA|    NA|
|x|          1|         39|        343|-2.352202510e+26|        141|08:30:07|+0.66|0.75|0.4651|
|!|         11|          9|        316|-9.041134019e+25|        192|01:00:00|+0.10|0.18|0.7801|
|=|          5|          9|        316|-8.287706186e+25|        196|01:00:00|+0.06|0.14|0.8175|
|-|          4|         16|        184|-3.056526840e+26|        159|07:45:17|-0.11|0.11|1.0018|
|=|         14|          9|        316|-1.443809033e+26|        200|01:00:23|+0.01|0.08|0.8696|
|x|         12|         38|        235|-2.347505009e+26|        134|08:24:21|+0.60|0.70|0.4453|
|=|         10|          9|        316|-1.340679816e+26|        204|01:00:00|+0.00|0.07|0.8761|
|-|          6|         17|        360|-3.414211961e+26|        203|10:00:23|-0.01|0.19|1.0174|
|=|          3|          9|        316|-1.251301164e+26|        208|01:00:01|+0.01|0.07|0.8736|
|=|         13|         16|        184|-2.547105705e+26|        171|03:00:04|-0.00|0.17|0.9072|
|x|         15|         25|         91|-2.284415000e+24|         44|05:04:06|+0.27|0.63|0.6921|
|=|          8|          9|        316|-1.814163591e+26|        212|01:00:19|+0.01|0.07|0.8682|
|x|          1|         50|        317|-2.109240009e+26|        192|12:19:02|+0.62|0.72|0.3518|
|=|         15|          9|        334|-1.769202486e+26|        216|01:00:00|-0.01|0.05|0.8839|
|=|          8|         17|        360|-2.845176635e+26|        217|03:30:04|+0.05|0.21|0.9588|
|=|          1|         16|        184|-2.183233461e+26|        183|03:00:01|+0.04|0.18|0.8542|
|x|          9|         39|        285|-1.816115059e+18|         74|08:45:04|+0.01|0.50|0.9359|
|-|         13|         13|        343|-1.881762015e+26|        175|08:30:12|-0.03|0.17|0.9470|
|=|         18|          9|        316|-2.179406526e+26|        225|02:15:43|-0.01|0.04|0.8886|
+-+-----------+-----------+-----------+----------------+-----------+--------+-----+----+------+
Best-so-far configuration:         316    mean value: -2.179406526e+26
Description of the best-so-far configuration:
    .ID. population_size_factor omega   c1   c2  chi v_coeff leader_selection_range diversity_mechanism .PARENT.
316  316                    111  0.54 0.04 3.33 0.18    0.13                     84             max min      293

# 2026-06-17 19:27:25 UTC: Elite configurations (first number is the configuration ID; listed from best to worst according to the sum of ranks):
    population_size_factor omega   c1   c2  chi v_coeff leader_selection_range diversity_mechanism
316                    111  0.54 0.04 3.33 0.18    0.13                     84             max min
334                    108  0.58 0.18 3.31 0.24    0.07                     85             max min
327                     94  0.84 0.94 3.92 0.28    0.06                     95   crowding distance
268                     89  0.81 0.57 3.63 0.26    0.05                     97   crowding distance
251                     92  0.70 0.11 3.17 0.24    0.08                     95   crowding distance
# 2026-06-17 19:27:25 UTC: Iteration 7 of 7
# experimentsUsed: 2087
# timeUsed: 1879404
# boundEstimate: 900.528988979396
# remainingBudget: 312
# currentBudget: 312
# nbConfigurations: 21
# Markers:
     x No test is performed.
     c Configurations are discarded only due to capping.
     - The test is performed and some configurations are discarded.
     = The test is performed but no configuration is discarded.
     ! The test is performed and configurations could be discarded but elite configurations are preserved.
     . Alive configurations were already evaluated on this instance and nothing is discarded.
     : All alive configurations are elite, but some need to be evaluated on this instance.

+-+-----------+-----------+-----------+----------------+-----------+--------+-----+----+------+
| |   Instance|      Alive|       Best|       Mean best| Exp so far|  W time|  rho|KenW|  Qvar|
+-+-----------+-----------+-----------+----------------+-----------+--------+-----+----+------+
|x|          1|         25|         91|-1.522943333e+24|         63|04:45:01|+0.35|0.57|0.6360|
|=|         11|         16|        184|-1.910329279e+26|        195|03:00:01|+0.02|0.14|0.8244|
|=|          2|         17|        276|-2.316997223e+26|        231|03:30:07|+0.06|0.19|0.9404|
|=|          5|         13|        343|-1.568135019e+26|        183|02:00:02|-0.04|0.13|0.9182|
|-|          3|          9|        235|-1.878004007e+26|        166|08:00:03|+0.01|0.21|0.8541|
|=|          6|          9|        235|-3.129566673e+26|        169|00:45:30|+0.01|0.18|0.8205|
|=|          2|          9|        235|-4.036304291e+26|        172|00:45:22|+0.05|0.19|0.7815|
|=|         12|         13|        343|-1.350585959e+26|        191|02:00:05|+0.02|0.16|0.8785|
|=|         13|          9|        179|-3.605626230e+26|        175|00:45:14|+0.08|0.20|0.7642|
|=|          5|         16|        184|-2.543631581e+26|        207|03:01:06|+0.04|0.15|0.8079|
|=|          4|          9|        179|-3.205001097e+26|        178|00:45:01|+0.11|0.21|0.7239|
|x|         19|         21|        334|-2.746000000e+17|         21|05:15:03|   NA|  NA|    NA|
|-|          5|         12|        360|-4.326819982e+26|        245|03:31:28|+0.06|0.18|0.8781|
|x|          5|         25|        317|-1.096890061e+24|         82|04:45:06|+0.36|0.52|0.6076|
|=|          8|         13|        343|-1.187093964e+26|        199|02:00:03|+0.06|0.18|0.8463|
|-|         10|          6|        235|-2.828873148e+26|        181|00:45:00|-0.10|0.01|0.9126|
|.|          5|          6|        235|-2.571702862e+26|        181|00:00:00|-0.07|0.03|0.8996|
|.|          7|          6|        235|-2.360158107e+26|        181|00:00:00|-0.06|0.03|0.9002|
|.|         11|          6|        235|-2.178607483e+26|        181|00:00:00|-0.04|0.04|0.8863|
|.|          1|          6|        235|-2.025375670e+26|        181|00:00:00|-0.04|0.03|0.8861|
+-+-----------+-----------+-----------+----------------+-----------+--------+-----+----+------+
Best configuration for the instances in this race: 235
Best-so-far configuration:         167    mean value: -2.136304706e+26
Description of the best-so-far configuration:
    .ID. population_size_factor min_elites_percentage max_elites_percentage mutation_probability mutation_distribution num_total_parents num_elite_parents bias_type diversity_type crossover_type num_populations exchange_interval num_exchange_individuals pr_type pr_dist_func pr_percentage pr_interval shake_interval shake_intensity shake_distribution reset_interval .PARENT.
167  167                     82                  0.35                  0.52                 0.01                  50.1                 5                 5         4              0              0               3               416                       52       0            0          0.14         745            196            0.48              57.28              0       83

# 2026-06-18 01:23:35 UTC: Elite configurations (first number is the configuration ID; listed from best to worst according to the sum of ranks):
    population_size_factor min_elites_percentage max_elites_percentage mutation_probability mutation_distribution num_total_parents num_elite_parents bias_type diversity_type crossover_type num_populations exchange_interval num_exchange_individuals pr_type pr_dist_func pr_percentage pr_interval shake_interval shake_intensity shake_distribution reset_interval
167                     82                  0.35                  0.52                 0.01                 50.10                 5                 5         4              0              0               3               416                       52       0            0          0.14         745            196            0.48              57.28              0
235                    119                  0.27                  0.66                 0.06                 93.24                 5                 5         4              0              0               4               537                       34       0            0          0.41         800              5            0.70              79.27              0
205                     96                  0.09                  0.64                 0.01                 99.13                 5                 4         4              0              0               4               918                       27       0            0          0.15         708             11            0.51              81.95              0
179                    114                  0.17                  0.40                 0.01                 72.35                 5                 4         0              3              0               3               403                       16       0            0          0.65         835            879            0.59              70.71              0
266                    103                  0.19                  0.40                 0.01                 88.53                 5                 4         4              0              0               3               979                       40       0            0          0.13         535            368            0.34              94.02              0
318                     99                  0.32                  0.65                 0.01                 96.58                 5                 4         4              0              0               3               896                       23       0            0          0.49         873            324            0.65              90.07              0
# 2026-06-18 01:23:35 UTC: Iteration 8 of 8
# experimentsUsed: 2076
# timeUsed: 1899244
# boundEstimate: 914.857418111753
# remainingBudget: 285
# currentBudget: 285
# nbConfigurations: 24
# Markers:
     x No test is performed.
     c Configurations are discarded only due to capping.
     - The test is performed and some configurations are discarded.
     = The test is performed but no configuration is discarded.
     ! The test is performed and configurations could be discarded but elite configurations are preserved.
     . Alive configurations were already evaluated on this instance and nothing is discarded.
     : All alive configurations are elite, but some need to be evaluated on this instance.

+-+-----------+-----------+-----------+----------------+-----------+--------+-----+----+------+
| |   Instance|      Alive|       Best|       Mean best| Exp so far|  W time|  rho|KenW|  Qvar|
+-+-----------+-----------+-----------+----------------+-----------+--------+-----+----+------+
|=|         11|         12|        276|-3.663667507e+26|        254|02:15:10|+0.07|0.18|0.8687|
|=|          9|         16|        184|-2.289268426e+26|        219|03:00:04|+0.05|0.15|0.7878|
|=|          7|         13|        343|-1.055194635e+26|        207|02:00:00|+0.02|0.12|0.8968|
|x|         10|         39|        394|-1.296735706e+18|        109|08:45:08|+0.33|0.55|0.6502|
|x|         15|         21|        268|-2.746005000e+17|         37|04:00:02|+0.64|0.82|0.1990|
|-|          9|          9|        317|-1.696578887e+26|        239|11:45:19|+0.60|0.68|0.1755|
|-|          4|         11|        360|-3.476270946e+26|        263|02:15:09|+0.10|0.19|0.8310|
|=|          9|         13|        343|-9.496751715e+25|        215|02:00:01|+0.00|0.10|0.9140|
|-|          7|          9|        317|-8.775127767e+23|        101|04:45:35|+0.16|0.32|0.7668|
|-|          6|          4|        317|-2.813777406e+26|        244|01:15:23|+0.69|0.74|0.0776|
|.|          7|          4|        317|-2.411809206e+26|        244|00:00:00|+0.71|0.76|0.0749|
|.|          8|          4|        317|-2.110333055e+26|        244|00:00:00|+0.74|0.78|0.0660|
|.|         10|          4|        317|-1.875851608e+26|        244|00:00:00|+0.77|0.79|0.0584|
|.|          2|          4|        317|-1.688266451e+26|        244|00:00:00|+0.79|0.81|0.0521|
|.|          5|          4|        317|-1.538912110e+26|        244|00:00:00|+0.80|0.82|0.0477|
+-+-----------+-----------+-----------+----------------+-----------+--------+-----+----+------+
Best-so-far configuration:         317    mean value: -1.538912110e+26
Description of the best-so-far configuration:
    .ID. population_size_factor    phmcr ppar_min ppar_max bw_min   bw_max .PARENT.
317  317                     46 0.975727 0.470562 0.829922  7e-06 0.974409      118

# 2026-06-18 06:08:41 UTC: Elite configurations (first number is the configuration ID; listed from best to worst according to the sum of ranks):
    population_size_factor    phmcr ppar_min ppar_max   bw_min   bw_max
317                     46 0.975727 0.470562 0.829922 0.000007 0.974409
197                     25 0.979619 0.219406 0.847994 0.004034 0.879716
118                     45 0.960418 0.464715 0.858418 0.001952 0.988672
236                     30 0.972348 0.493247 0.905065 0.005843 0.940510
# 2026-06-18 06:08:41 UTC: Iteration 6 of 6
# experimentsUsed: 2130
# timeUsed: 1917973
# boundEstimate: 900.456807511737
# remainingBudget: 269
# currentBudget: 269
# nbConfigurations: 26
# Markers:
     x No test is performed.
     c Configurations are discarded only due to capping.
     - The test is performed and some configurations are discarded.
     = The test is performed but no configuration is discarded.
     ! The test is performed and configurations could be discarded but elite configurations are preserved.
     . Alive configurations were already evaluated on this instance and nothing is discarded.
     : All alive configurations are elite, but some need to be evaluated on this instance.

+-+-----------+-----------+-----------+----------------+-----------+--------+-----+----+------+
| |   Instance|      Alive|       Best|       Mean best| Exp so far|  W time|  rho|KenW|  Qvar|
+-+-----------+-----------+-----------+----------------+-----------+--------+-----+----+------+
|=|         14|         16|        184|-2.083709169e+26|        231|03:00:05|+0.05|0.14|0.7924|
|=|          9|          9|        317|-7.312606473e+23|        104|00:45:00|+0.12|0.27|0.7900|
|=|          1|         11|        360|-3.160246315e+26|        271|02:00:02|+0.07|0.16|0.8461|
|=|          4|         13|        267|-8.121519740e+25|        223|02:00:00|-0.04|0.06|0.9492|
|x|         15|         24|        205|-3.818830000e+18|         24|06:00:21|   NA|  NA|    NA|
|=|          8|          9|        317|-1.262033412e+24|        107|00:48:45|+0.09|0.22|0.8060|
|=|         13|          9|        317|-1.104279235e+24|        110|00:45:00|+0.06|0.18|0.8203|
|x|          9|         21|        359|-2.717300000e+17|         53|04:00:02|+0.63|0.75|0.2663|
|=|          2|          9|        317|-9.815819514e+23|        113|00:45:01|+0.06|0.16|0.8269|
|-|         10|          7|        184|-1.910066738e+26|        243|03:00:01|-0.04|0.04|0.8920|
|=|          3|         11|        360|-2.896892455e+26|        279|02:00:01|+0.05|0.13|0.8524|
|=|          3|         13|        343|-7.954228013e+25|        231|02:00:03|-0.00|0.08|0.9153|
|=|         17|          9|        317|-8.834237803e+23|        116|00:45:02|+0.07|0.16|0.8177|
|=|          3|          7|        184|-1.763138530e+26|        246|00:45:01|-0.01|0.07|0.8725|
|-|         12|          7|        317|-8.031125484e+23|        119|00:45:01|+0.13|0.21|0.7127|
|!|          6|          7|        317|-7.361865232e+23|        120|00:15:02|+0.15|0.22|0.6927|
|=|          8|          7|        184|-1.637200063e+26|        249|00:45:00|-0.01|0.06|0.8705|
|=|         16|          7|        317|-9.733721752e+23|        121|00:15:58|+0.08|0.16|0.7741|
|=|          3|          7|        317|-7.076905988e+25|        122|00:15:13|+0.06|0.13|0.8117|
|=|          7|         11|        360|-2.674054574e+26|        287|02:00:01|+0.06|0.14|0.8345|
|=|          2|         13|        267|-1.427480455e+26|        239|02:00:39|+0.03|0.10|0.8865|
|=|          7|          7|        184|-1.529930999e+26|        252|00:45:01|-0.01|0.06|0.8575|
|=|         11|          7|        281|-7.086663214e+25|        123|00:15:02|+0.06|0.12|0.8171|
|=|          4|          7|        317|-6.219471199e+25|        124|00:17:52|+0.05|0.11|0.8163|
|x|          6|         24|        167|-4.922555019e+26|         42|04:35:02|+0.55|0.77|0.3913|
|=|         10|          7|        317|-1.197179642e+26|        125|00:15:48|+0.07|0.12|0.8064|
|x|          4|         39|        394|-9.725518091e+17|        144|08:45:03|+0.24|0.43|0.7528|
|=|         15|          7|        184|-1.434310312e+26|        255|00:45:00|+0.01|0.07|0.8537|
|=|         14|          7|        281|-1.745286301e+26|        126|00:15:24|+0.04|0.09|0.8322|
|x|         12|         26|        401|-2.503640000e+17|         26|06:30:03|   NA|  NA|    NA|
|x|          4|         21|        268|-2.037250273e+17|         69|04:00:01|+0.55|0.66|0.3893|
|=|         10|         13|        345|-2.006350980e+26|        247|02:00:37|+0.06|0.12|0.8519|
|=|         17|          7|        184|-1.349939118e+26|        262|01:45:02|+0.00|0.06|0.8562|
+-+-----------+-----------+-----------+----------------+-----------+--------+-----+----+------+
Best-so-far configuration:         184    mean value: -1.349939118e+26
Description of the best-so-far configuration:
    .ID. population_size_factor ker    q threshold n_gen_mark focus .PARENT.
184  184                     88   5 0.64       100         55  8.52      171

# 2026-06-18 13:59:56 UTC: Elite configurations (first number is the configuration ID; listed from best to worst according to the sum of ranks):
    population_size_factor ker    q threshold n_gen_mark focus
184                     88   5 0.64       100         55  8.52
68                     101   6 0.66        89         25  5.65
320                     84   5 0.89        67         16  3.47
333                     78   6 0.92        69         12  3.30
# 2026-06-18 13:59:56 UTC: Iteration 6 of 6
# experimentsUsed: 2161
# timeUsed: 1946107
# boundEstimate: 900.558537714021
# remainingBudget: 238
# currentBudget: 238
# nbConfigurations: 17
# Markers:
     x No test is performed.
     c Configurations are discarded only due to capping.
     - The test is performed and some configurations are discarded.
     = The test is performed but no configuration is discarded.
     ! The test is performed and configurations could be discarded but elite configurations are preserved.
     . Alive configurations were already evaluated on this instance and nothing is discarded.
     : All alive configurations are elite, but some need to be evaluated on this instance.

+-+-----------+-----------+-----------+----------------+-----------+--------+-----+----+------+
| |   Instance|      Alive|       Best|       Mean best| Exp so far|  W time|  rho|KenW|  Qvar|
+-+-----------+-----------+-----------+----------------+-----------+--------+-----+----+------+
|-|         14|          7|        360|-2.483050676e+26|        298|02:45:03|-0.03|0.05|0.8608|
|=|         19|          7|        317|-1.591543366e+26|        133|01:45:16|+0.04|0.09|0.8331|
+-+-----------+-----------+-----------+----------------+-----------+--------+-----+----+------+
Best-so-far configuration:         317    mean value: -1.591543366e+26
Description of the best-so-far configuration:
    .ID. population_size_factor min_elites_percentage max_elites_percentage mutation_probability mutation_distribution num_total_parents num_elite_parents bias_type diversity_type crossover_type num_populations exchange_interval num_exchange_individuals pr_type pr_dist_func pr_percentage pr_interval shake_interval reset_interval .PARENT.
317  317                     48                  0.26                  0.54                  0.9                  6.16                 4                 4         1              2              0               3               645                       31       1            2          0.54           1              0              0      269

# 2026-06-18 14:05:05 UTC: Elite configurations (first number is the configuration ID; listed from best to worst according to the sum of ranks):
    population_size_factor min_elites_percentage max_elites_percentage mutation_probability mutation_distribution num_total_parents num_elite_parents bias_type diversity_type crossover_type num_populations exchange_interval num_exchange_individuals pr_type pr_dist_func pr_percentage pr_interval shake_interval reset_interval
317                     48                  0.26                  0.54                 0.90                  6.16                 4                 4         1              2              0               3               645                       31       1            2          0.54           1              0              0
281                     60                  0.10                  0.74                 0.51                 30.80                 4                 2         1              0              0               4               264                       20       1            2          0.95           7              0              0
269                     48                  0.28                  0.33                 0.98                  6.95                 4                 4         1              2              0               3               547                       30       1            2          0.77          21              0              0
134                     50                  0.19                  0.76                 0.49                 27.67                 5                 1         1              1              0               4               245                       49       1            0          0.66          44              0              0
91                      44                  0.19                  0.49                 0.78                 14.82                 5                 3         4              2              0               3               306                        1       1            2          0.67          27              0              0
296                     83                  0.27                  0.90                 0.75                 60.66                 3                 2         1              0              0               3               137                       19       1            2          0.98          31              0              0
# 2026-06-18 14:05:05 UTC: Iteration 8 of 8
# experimentsUsed: 2078
# timeUsed: 1942682
# boundEstimate: 934.880654475457
# remainingBudget: 232
# currentBudget: 232
# nbConfigurations: 17
# Markers:
     x No test is performed.
     c Configurations are discarded only due to capping.
     - The test is performed and some configurations are discarded.
     = The test is performed but no configuration is discarded.
     ! The test is performed and configurations could be discarded but elite configurations are preserved.
     . Alive configurations were already evaluated on this instance and nothing is discarded.
     : All alive configurations are elite, but some need to be evaluated on this instance.

+-+-----------+-----------+-----------+----------------+-----------+--------+-----+----+------+
| |   Instance|      Alive|       Best|       Mean best| Exp so far|  W time|  rho|KenW|  Qvar|
+-+-----------+-----------+-----------+----------------+-----------+--------+-----+----+------+
|=|         15|          7|        360|-3.472860631e+26|        305|01:45:43|-0.01|0.06|0.8460|
|x|         11|         24|        167|-3.281703347e+26|         60|04:30:04|+0.57|0.71|0.4194|
|=|         15|         13|        343|-1.847872908e+26|        260|03:15:01|+0.05|0.11|0.8628|
+-+-----------+-----------+-----------+----------------+-----------+--------+-----+----+------+
Best-so-far configuration:         343    mean value: -1.847872908e+26
Description of the best-so-far configuration:
    .ID. population_size_factor elites_percentage mutation_probability mutation_distribution num_total_parents num_elite_parents bias_type crossover_type diversity_type num_populations exchange_interval num_exchange_individuals pr_interval shake_interval reset_interval .PARENT.
343  343                     93              0.45                 0.01                 90.97                 3                 2         4              0              0               1                 0                        1           0              0              0      267

# 2026-06-18 16:34:16 UTC: Elite configurations (first number is the configuration ID; listed from best to worst according to the sum of ranks):
    population_size_factor elites_percentage mutation_probability mutation_distribution num_total_parents num_elite_parents bias_type crossover_type diversity_type num_populations exchange_interval num_exchange_individuals pr_interval shake_interval reset_interval
343                     93              0.45                 0.01                 90.97                 3                 2         4              0              0               1                 0                        1           0              0              0
267                     95              0.44                 0.01                 91.09                 3                 2         4              0              0               1                 0                        1           0              0              0
345                    100              0.45                 0.01                 84.27                 3                 2         4              0              0               1                 0                        1           0              0              0
222                    101              0.41                 0.01                 89.93                 4                 1         4              0              0               1                 0                        1           0              0              0
291                    108              0.47                 0.01                 62.34                 3                 1         6              0              0               1                 0                        1           0              0              0
# 2026-06-18 16:34:16 UTC: Iteration 7 of 7
# experimentsUsed: 2171
# timeUsed: 1955385
# boundEstimate: 900.68401658222
# remainingBudget: 227
# currentBudget: 227
# nbConfigurations: 18
# Markers:
     x No test is performed.
     c Configurations are discarded only due to capping.
     - The test is performed and some configurations are discarded.
     = The test is performed but no configuration is discarded.
     ! The test is performed and configurations could be discarded but elite configurations are preserved.
     . Alive configurations were already evaluated on this instance and nothing is discarded.
     : All alive configurations are elite, but some need to be evaluated on this instance.

+-+-----------+-----------+-----------+----------------+-----------+--------+-----+----+------+
| |   Instance|      Alive|       Best|       Mean best| Exp so far|  W time|  rho|KenW|  Qvar|
+-+-----------+-----------+-----------+----------------+-----------+--------+-----+----+------+
|-|          5|         10|        334|-2.167756217e+17|         85|04:00:02|+0.06|0.25|0.8772|
|=|         16|          7|        360|-3.255806842e+26|        312|01:45:02|-0.02|0.04|0.8534|
+-+-----------+-----------+-----------+----------------+-----------+--------+-----+----+------+
Best-so-far configuration:         360    mean value: -3.255806842e+26
Description of the best-so-far configuration:
    .ID. population_size_factor weight_generation decomposition neighbours   cr    f eta_m realb limit .PARENT.
360  360                     93   low discrepancy      weighted         23 0.02 0.33  2.91  0.73    14      276

# 2026-06-18 17:32:05 UTC: Elite configurations (first number is the configuration ID; listed from best to worst according to the sum of ranks):
    population_size_factor weight_generation decomposition neighbours   cr    f eta_m realb limit
360                     93   low discrepancy      weighted         23 0.02 0.33  2.91  0.73    14
371                     89   low discrepancy      weighted         21 0.03 0.34  1.46  0.65    14
276                     96   low discrepancy      weighted         24 0.04 0.34  1.76  0.69    14
349                    100   low discrepancy      weighted         27 0.07 0.25  1.86  0.65    14
340                    101   low discrepancy      weighted         25 0.04 0.39  3.66  0.74    14
# 2026-06-18 17:32:05 UTC: Iteration 7 of 7
# experimentsUsed: 2175
# timeUsed: 1959069
# boundEstimate: 900.721379310345
# remainingBudget: 223
# currentBudget: 223
# nbConfigurations: 17
# Markers:
     x No test is performed.
     c Configurations are discarded only due to capping.
     - The test is performed and some configurations are discarded.
     = The test is performed but no configuration is discarded.
     ! The test is performed and configurations could be discarded but elite configurations are preserved.
     . Alive configurations were already evaluated on this instance and nothing is discarded.
     : All alive configurations are elite, but some need to be evaluated on this instance.

+-+-----------+-----------+-----------+----------------+-----------+--------+-----+----+------+
| |   Instance|      Alive|       Best|       Mean best| Exp so far|  W time|  rho|KenW|  Qvar|
+-+-----------+-----------+-----------+----------------+-----------+--------+-----+----+------+
|=|          8|         10|        334|-1.709016668e+26|         90|01:15:25|-0.03|0.14|0.9349|
|x|          8|         26|        401|-1.251820557e+17|         48|05:30:02|+0.92|0.96|0.0568|
|x|         18|         17|        353|-7.688240000e+26|         17|04:16:25|   NA|  NA|    NA|
|=|         17|         10|        334|-1.464871430e+26|         95|01:15:00|-0.06|0.10|0.9591|
|x|         20|         17|        329|-1.052670000e+27|         17|05:59:21|   NA|  NA|    NA|
|=|         12|         10|        334|-1.281762506e+26|        100|01:15:01|-0.04|0.09|0.9329|
|-|          6|         12|        394|-1.502507447e+18|        179|08:45:18|+0.04|0.23|0.9566|
|x|          3|         24|        266|-2.426997510e+26|         78|04:30:04|+0.53|0.65|0.4551|
|x|         16|         18|        374|-3.681840000e+18|         18|04:30:07|   NA|  NA|    NA|
|x|         13|         17|        358|-3.797290014e+26|         30|03:15:05|-0.18|0.41|1.2339|
|=|         13|         10|        334|-1.145215417e+26|        105|01:15:02|-0.03|0.08|0.9292|
|x|         17|         17|        371|-7.463740000e+24|         17|04:15:20|   NA|  NA|    NA|
|=|          8|         12|        394|-7.073312521e+23|        187|02:00:19|+0.03|0.19|0.9156|
|=|         18|         10|        334|-2.021107875e+26|        110|01:15:27|-0.04|0.07|0.9164|
|x|         10|         17|        329|-1.050055000e+27|         28|03:18:34|+0.48|0.74|0.4515|
|x|         10|         26|        317|-1.236094704e+18|         70|05:30:07|+0.94|0.96|0.1161|
|=|         14|         10|        334|-2.678250795e+26|        115|01:15:26|-0.02|0.08|0.9043|
|x|          4|         18|        374|-1.840920052e+18|         31|03:15:01|-0.07|0.47|0.9287|
|x|          3|         17|         68|-2.541893351e+26|         43|03:15:05|-0.05|0.30|1.0027|
|x|          5|         17|        371|-8.430168700e+26|         29|03:01:11|-0.28|0.36|1.0369|
|=|          1|         12|        394|-6.062844438e+23|        195|02:00:04|+0.06|0.20|0.8454|
|=|          2|         10|        268|-2.574613687e+26|        120|01:15:02|+0.01|0.09|0.8738|
|-|          1|          8|        179|-1.925929408e+26|         96|04:32:25|-0.01|0.19|0.8824|
|=|          8|          8|        179|-1.604941173e+26|         98|00:30:00|+0.05|0.21|0.8513|
|x|         12|         17|        329|-7.000366667e+26|         39|02:45:04|+0.22|0.48|0.6723|
|=|          4|          8|        205|-1.230422854e+26|        100|00:30:01|+0.13|0.25|0.7680|
|=|         11|         10|        358|-2.402693719e+26|        125|01:15:00|-0.01|0.07|0.8941|
|-|          3|          8|        394|-5.304989233e+23|        203|02:00:01|+0.04|0.16|0.8404|
|=|          2|          8|        167|-2.462739597e+26|        102|00:30:14|+0.06|0.18|0.8139|
|=|          5|          8|        167|-2.189101865e+26|        104|00:30:00|+0.05|0.16|0.7939|
|x|          7|         18|        374|-1.227280070e+18|         44|03:15:01|+0.16|0.44|0.7447|
|x|         13|         17|        379|-5.657447600e+26|         41|03:00:01|-0.06|0.30|0.9672|
|=|          5|          8|        394|-1.063808879e+26|        207|01:00:29|+0.09|0.19|0.7956|
|=|         16|         10|        358|-2.231072742e+26|        130|01:15:01|-0.02|0.05|0.9080|
|x|          7|         17|         68|-1.913591013e+26|         56|03:15:06|-0.03|0.23|1.0426|
|=|          9|          8|        205|-1.772203002e+26|        106|00:30:05|+0.10|0.19|0.7477|
|=|         12|          8|        167|-2.710174256e+26|        108|00:31:52|+0.07|0.15|0.7920|
|=|          7|          8|        394|-1.905442991e+26|        211|01:00:32|+0.06|0.16|0.8195|
|x|          2|         17|        269|-5.217800010e+26|         50|02:45:28|+0.30|0.47|0.6265|
|-|         10|          6|        167|-2.484326402e+26|        110|00:30:00|-0.03|0.06|0.8813|
|.|          7|          6|        167|-2.296905240e+26|        110|00:00:00|-0.03|0.05|0.8841|
|.|         13|          6|        167|-2.136304709e+26|        110|00:00:00|-0.03|0.04|0.8750|
|.|         14|          6|        167|-1.993884395e+26|        110|00:00:00|-0.03|0.03|0.8779|
+-+-----------+-----------+-----------+----------------+-----------+--------+-----+----+------+
Best-so-far configuration:         167    mean value: -1.993884395e+26
Description of the best-so-far configuration:
    .ID. population_size_factor min_elites_percentage max_elites_percentage mutation_probability mutation_distribution num_total_parents num_elite_parents bias_type diversity_type crossover_type num_populations exchange_interval num_exchange_individuals pr_type pr_dist_func pr_percentage pr_interval shake_interval shake_intensity shake_distribution reset_interval .PARENT.
167  167                     82                  0.35                  0.52                 0.01                  50.1                 5                 5         4              0              0               3               416                       52       0            0          0.14         745            196            0.48              57.28              0       83

# 2026-06-19 05:03:50 UTC: Elite configurations (first number is the configuration ID; listed from best to worst according to the sum of ranks):
    population_size_factor min_elites_percentage max_elites_percentage mutation_probability mutation_distribution num_total_parents num_elite_parents bias_type diversity_type crossover_type num_populations exchange_interval num_exchange_individuals pr_type pr_dist_func pr_percentage pr_interval shake_interval shake_intensity shake_distribution reset_interval
167                     82                  0.35                  0.52                 0.01                 50.10                 5                 5         4              0              0               3               416                       52       0            0          0.14         745            196            0.48              57.28              0
205                     96                  0.09                  0.64                 0.01                 99.13                 5                 4         4              0              0               4               918                       27       0            0          0.15         708             11            0.51              81.95              0
235                    119                  0.27                  0.66                 0.06                 93.24                 5                 5         4              0              0               4               537                       34       0            0          0.41         800              5            0.70              79.27              0
179                    114                  0.17                  0.40                 0.01                 72.35                 5                 4         0              3              0               3               403                       16       0            0          0.65         835            879            0.59              70.71              0
318                     99                  0.32                  0.65                 0.01                 96.58                 5                 4         4              0              0               3               896                       23       0            0          0.49         873            324            0.65              90.07              0
266                    103                  0.19                  0.40                 0.01                 88.53                 5                 4         4              0              0               3               979                       40       0            0          0.13         535            368            0.34              94.02              0
# 2026-06-19 05:03:50 UTC: Iteration 9 of 9
# experimentsUsed: 2186
# timeUsed: 1998760
# boundEstimate: 914.345837145471
# remainingBudget: 176
# currentBudget: 176
# nbConfigurations: 16
# Markers:
     x No test is performed.
     c Configurations are discarded only due to capping.
     - The test is performed and some configurations are discarded.
     = The test is performed but no configuration is discarded.
     ! The test is performed and configurations could be discarded but elite configurations are preserved.
     . Alive configurations were already evaluated on this instance and nothing is discarded.
     : All alive configurations are elite, but some need to be evaluated on this instance.

+-+-----------+-----------+-----------+----------------+-----------+--------+-----+----+------+
| |   Instance|      Alive|       Best|       Mean best| Exp so far|  W time|  rho|KenW|  Qvar|
+-+-----------+-----------+-----------+----------------+-----------+--------+-----+----+------+
|x|          4|         26|        401|-9.440802779e+17|         92|05:30:03|+0.94|0.95|0.1106|
|=|          1|         10|        358|-2.757461226e+26|        135|01:15:27|-0.01|0.06|0.8991|
|=|          2|          8|        394|-1.736409274e+26|        215|01:00:10|+0.08|0.16|0.7952|
|=|          7|         10|        358|-2.588501637e+26|        140|01:15:02|+0.01|0.07|0.8852|
|x|          7|         17|        360|-4.403220275e+26|         53|03:00:01|+0.10|0.33|0.8213|
|x|          8|         18|        374|-1.090225920e+24|         57|03:15:08|+0.17|0.38|0.6916|
|=|         11|         17|        351|-1.529863409e+26|         69|03:15:01|-0.05|0.16|1.0173|
|-|          1|         11|        269|-4.174240008e+26|         61|02:45:00|+0.01|0.21|0.9393|
|=|         10|         10|        358|-2.436236835e+26|        145|01:15:00|+0.01|0.07|0.8794|
|=|         12|          8|        394|-1.591708501e+26|        223|02:00:00|+0.06|0.14|0.8091|
+-+-----------+-----------+-----------+----------------+-----------+--------+-----+----+------+
Best-so-far configuration:         394    mean value: -1.591708501e+26
Description of the best-so-far configuration:
    .ID. population_size_factor crossover_probability crossover_distribution mutation_probability mutation_distribution .PARENT.
394  394                     41                   0.4                  19.19                 0.01                  28.3      327

# 2026-06-19 07:52:29 UTC: Elite configurations (first number is the configuration ID; listed from best to worst according to the sum of ranks):
    population_size_factor crossover_probability crossover_distribution mutation_probability mutation_distribution
394                     41                  0.40                  19.19                 0.01                 28.30
285                     42                  0.38                  24.92                 0.01                 29.33
327                     40                  0.40                  22.13                 0.01                 28.34
416                     39                  0.39                  22.18                 0.01                 27.11
# 2026-06-19 07:52:29 UTC: Iteration 6 of 6
# experimentsUsed: 2232
# timeUsed: 2010390
# boundEstimate: 900.712365591398
# remainingBudget: 166
# currentBudget: 166
# nbConfigurations: 16
# Markers:
     x No test is performed.
     c Configurations are discarded only due to capping.
     - The test is performed and some configurations are discarded.
     = The test is performed but no configuration is discarded.
     ! The test is performed and configurations could be discarded but elite configurations are preserved.
     . Alive configurations were already evaluated on this instance and nothing is discarded.
     : All alive configurations are elite, but some need to be evaluated on this instance.

+-+-----------+-----------+-----------+----------------+-----------+--------+-----+----+------+
| |   Instance|      Alive|       Best|       Mean best| Exp so far|  W time|  rho|KenW|  Qvar|
+-+-----------+-----------+-----------+----------------+-----------+--------+-----+----+------+
|=|          5|         11|        317|-3.421116674e+26|         66|01:15:02|+0.01|0.18|0.9281|
|=|          3|         10|        359|-2.223187418e+26|        150|01:15:01|+0.02|0.07|0.8744|
|x|         16|         16|        205|-3.807400000e+18|         16|04:00:29|   NA|  NA|    NA|
|-|          3|         12|        371|-3.372067480e+26|         65|03:00:01|-0.09|0.13|0.9675|
|-|         13|         11|        374|-8.721814425e+23|         70|03:15:04|-0.04|0.17|0.9100|
|=|          4|         11|        317|-2.938597935e+26|         71|01:20:04|+0.01|0.15|0.9434|
|=|          6|         10|        359|-2.106177556e+26|        155|01:15:01|+0.03|0.08|0.8645|
|=|          2|         17|        184|-1.264334026e+26|         82|03:15:02|-0.08|0.10|0.9963|
|-|          3|          7|        401|-7.552642442e+17|        114|05:30:02|+0.85|0.88|0.1124|
|-|          6|          6|        401|-1.331520006e+26|        117|00:45:15|+0.82|0.85|0.1430|
|=|          7|         11|        317|-2.571273197e+26|         76|01:15:25|+0.03|0.15|0.9155|
|=|         12|         12|        360|-2.935480192e+26|         72|01:45:03|-0.09|0.09|0.9814|
|=|          6|         11|        374|-7.268184794e+23|         76|01:30:02|+0.02|0.19|0.8223|
|x|          6|         16|        266|-4.853995019e+26|         26|02:32:29|+0.52|0.76|0.2987|
|x|         13|         16|        423|-4.773590000e+24|         16|04:00:41|   NA|  NA|    NA|
|!|          7|          6|        401|-1.141302863e+26|        119|00:30:00|+0.82|0.85|0.1476|
|!|         11|          6|        401|-9.986400092e+25|        121|00:30:00|+0.82|0.84|0.1322|
|=|         17|         11|        317|-2.285576176e+26|         81|01:15:01|+0.06|0.16|0.8811|
|=|         20|         10|        359|-2.003481228e+26|        165|02:30:04|+0.03|0.08|0.8602|
+-+-----------+-----------+-----------+----------------+-----------+--------+-----+----+------+
Best-so-far configuration:         359    mean value: -2.003481228e+26
Description of the best-so-far configuration:
    .ID. population_size_factor omega   c1   c2  chi v_coeff leader_selection_range diversity_mechanism .PARENT.
359  359                    108  0.62 0.24 3.09 0.23    0.07                     87             max min      334

# 2026-06-19 12:44:48 UTC: Elite configurations (first number is the configuration ID; listed from best to worst according to the sum of ranks):
    population_size_factor omega   c1   c2  chi v_coeff leader_selection_range diversity_mechanism
359                    108  0.62 0.24 3.09 0.23    0.07                     87             max min
358                    111  0.55 0.21 3.36 0.22    0.11                     83             max min
334                    108  0.58 0.18 3.31 0.24    0.07                     85             max min
316                    111  0.54 0.04 3.33 0.18    0.13                     84             max min
268                     89  0.81 0.57 3.63 0.26    0.05                     97   crowding distance
# 2026-06-19 12:44:48 UTC: Iteration 8 of 8
# experimentsUsed: 2252
# timeUsed: 2027964
# boundEstimate: 900.516873889876
# remainingBudget: 147
# currentBudget: 147
# nbConfigurations: 11
# Markers:
     x No test is performed.
     c Configurations are discarded only due to capping.
     - The test is performed and some configurations are discarded.
     = The test is performed but no configuration is discarded.
     ! The test is performed and configurations could be discarded but elite configurations are preserved.
     . Alive configurations were already evaluated on this instance and nothing is discarded.
     : All alive configurations are elite, but some need to be evaluated on this instance.

+-+-----------+-----------+-----------+----------------+-----------+--------+-----+----+------+
| |   Instance|      Alive|       Best|       Mean best| Exp so far|  W time|  rho|KenW|  Qvar|
+-+-----------+-----------+-----------+----------------+-----------+--------+-----+----+------+
|!|          2|          6|        317|-9.333077901e+25|        123|00:30:00|+0.83|0.85|0.1172|
|=|          2|         11|        374|-1.324429873e+26|         82|01:30:31|+0.07|0.20|0.7634|
|=|         16|         12|        276|-2.392764122e+26|         79|01:45:01|-0.01|0.13|0.9124|
|!|          9|          6|        317|-8.445704511e+25|        125|00:30:00|+0.83|0.84|0.1112|
|=|          8|         17|         68|-1.093480580e+26|         95|03:15:02|-0.05|0.10|0.9281|
|!|          1|          6|        317|-1.534787683e+26|        127|00:30:11|+0.83|0.85|0.1219|
|=|         11|         11|        317|-2.057018562e+26|         86|01:15:11|+0.05|0.15|0.8874|
|x|          7|         16|        167|-3.297653779e+26|         36|02:30:22|+0.64|0.76|0.2676|
|-|          5|          2|        317|-1.410669434e+26|        129|00:30:00|+0.18|0.25|0.4091|
+-+-----------+-----------+-----------+----------------+-----------+--------+-----+----+------+
Best-so-far configuration:         317    mean value: -1.410669434e+26
Description of the best-so-far configuration:
    .ID. population_size_factor    phmcr ppar_min ppar_max bw_min   bw_max .PARENT.
317  317                     46 0.975727 0.470562 0.829922  7e-06 0.974409      118

# 2026-06-19 14:24:31 UTC: Elite configurations (first number is the configuration ID; listed from best to worst according to the sum of ranks):
    population_size_factor    phmcr ppar_min ppar_max   bw_min   bw_max
317                     46 0.975727 0.470562 0.829922 0.000007 0.974409
401                     31 0.981093 0.475311 0.900457 0.000382 0.940391
# 2026-06-19 14:24:31 UTC: Iteration 7 of 7
# experimentsUsed: 2259
# timeUsed: 2034087
# boundEstimate: 900.436918990704
# remainingBudget: 140
# currentBudget: 140
# nbConfigurations: 12
# Markers:
     x No test is performed.
     c Configurations are discarded only due to capping.
     - The test is performed and some configurations are discarded.
     = The test is performed but no configuration is discarded.
     ! The test is performed and configurations could be discarded but elite configurations are preserved.
     . Alive configurations were already evaluated on this instance and nothing is discarded.
     : All alive configurations are elite, but some need to be evaluated on this instance.

+-+-----------+-----------+-----------+----------------+-----------+--------+-----+----+------+
| |   Instance|      Alive|       Best|       Mean best| Exp so far|  W time|  rho|KenW|  Qvar|
+-+-----------+-----------+-----------+----------------+-----------+--------+-----+----+------+
|=|          9|         11|        374|-1.158876139e+26|         88|01:30:01|+0.05|0.17|0.7970|
|x|          2|         16|        327|-4.607025000e+24|         28|03:00:26|+0.91|0.96|0.0622|
|=|         10|         12|        276|-2.102978657e+26|         86|01:45:08|-0.01|0.11|0.9134|
|x|         21|         11|        361|-1.103780000e+11|         11|02:45:01|   NA|  NA|    NA|
|=|          5|         11|        374|-1.030112127e+26|         94|01:30:02|+0.08|0.19|0.7533|
|=|          3|         11|        269|-2.865732783e+26|         91|02:15:14|+0.05|0.13|0.9058|
|x|          9|         16|        395|-2.642481069e+26|         46|02:30:04|+0.69|0.76|0.2250|
|=|          9|         12|        276|-3.663147695e+26|         93|01:45:49|-0.00|0.11|0.9042|
|x|         13|         11|        363|-2.676175000e+24|         17|01:30:03|-0.10|0.45|0.7849|
|=|         12|         17|        184|-1.900364270e+26|        108|03:16:14|-0.05|0.08|0.9055|
|x|         13|         12|        317|-8.087970000e+26|         12|03:01:01|   NA|  NA|    NA|
|-|         12|         10|        374|-9.315166847e+25|        100|01:30:02|+0.03|0.13|0.8557|
|x|          9|         16|        423|-3.087830000e+24|         40|03:00:01|+0.77|0.84|0.2600|
|=|         14|         11|        269|-3.490313385e+26|         96|01:43:18|+0.02|0.11|0.9227|
|x|          6|         11|        363|-1.784117994e+24|         23|01:30:02|+0.28|0.52|0.5095|
|=|          1|         12|        360|-3.468394086e+26|        100|01:45:02|+0.03|0.13|0.8683|
|=|         14|         10|        374|-1.699327895e+26|        105|01:15:25|+0.06|0.15|0.8243|
|-|          5|          7|        395|-2.113984855e+26|         56|02:30:01|+0.03|0.22|0.8754|
|=|         19|         11|        269|-3.221827743e+26|        101|01:15:13|+0.02|0.10|0.9180|
|=|         13|          7|        395|-1.770107730e+26|         57|00:15:00|+0.02|0.18|0.8521|
|=|         14|          7|        395|-1.517235197e+26|         58|00:15:00|+0.02|0.16|0.8905|
|=|          2|          7|        395|-2.638293297e+26|         59|00:15:09|+0.01|0.14|0.8640|
|x|          2|         12|        317|-4.043985017e+26|         22|02:30:03|+0.76|0.88|0.1201|
|x|          8|         11|        363|-2.578030885e+26|         29|01:30:29|-0.02|0.23|0.8856|
|=|         15|         10|        374|-1.557717237e+26|        110|01:15:00|+0.04|0.12|0.8617|
|=|          4|          7|        395|-2.345149601e+26|         60|00:15:00|-0.01|0.10|0.8723|
|=|         15|         17|        184|-1.689212685e+26|        121|03:15:01|-0.01|0.10|0.8824|
|=|          6|         12|        360|-3.153085537e+26|        107|01:45:04|+0.01|0.10|0.8931|
|=|         11|          7|        395|-2.110634642e+26|         61|00:15:00|-0.02|0.08|0.8867|
|=|         18|         11|        269|-2.991697190e+26|        106|01:15:00|+0.03|0.10|0.9076|
|=|         10|          7|        395|-1.918758765e+26|         62|00:15:00|-0.03|0.06|0.9019|
|=|          3|          7|        395|-1.758862202e+26|         63|00:15:00|-0.02|0.06|0.8982|
|x|         10|         16|        423|-2.315872568e+24|         52|03:00:02|+0.75|0.81|0.2458|
|=|          8|          7|        235|-1.456298255e+26|         64|00:15:00|+0.00|0.08|0.8900|
|=|         11|         10|        374|-1.437892835e+26|        115|01:15:00|+0.05|0.12|0.8539|
|=|         15|          7|        395|-1.507596175e+26|         65|00:15:00|+0.01|0.08|0.8821|
|=|         16|         11|        363|-2.062424716e+26|         35|01:30:02|+0.12|0.29|0.7873|
|=|         12|          7|        395|-2.115463097e+26|         66|00:15:49|-0.00|0.06|0.8807|
|=|         16|         11|        269|-2.795067730e+26|        111|01:20:22|+0.01|0.08|0.9237|
|=|          1|          7|        395|-1.986293610e+26|         67|00:15:04|-0.01|0.06|0.8750|
|=|          8|         12|        371|-2.821021109e+26|        114|01:45:02|+0.04|0.12|0.8569|
|x|          4|         12|        317|-2.695990012e+26|         32|02:30:01|+0.84|0.89|0.1318|
|-|          3|          8|        374|-1.338607989e+26|        120|01:15:02|+0.07|0.14|0.8209|
|=|         17|         11|        363|-1.718687263e+26|         41|01:30:00|+0.11|0.26|0.7752|
|=|          6|         11|        281|-2.591898441e+26|        116|01:15:03|+0.02|0.08|0.9100|
|=|          1|          8|        374|-1.249367457e+26|        123|00:45:00|+0.03|0.10|0.8602|
|=|          4|         17|        184|-1.523132806e+26|        134|03:15:07|+0.02|0.12|0.8708|
|=|         17|          7|        395|-1.872330909e+26|         74|01:45:39|+0.00|0.06|0.8641|
+-+-----------+-----------+-----------+----------------+-----------+--------+-----+----+------+
Best-so-far configuration:         395    mean value: -1.872330909e+26
Description of the best-so-far configuration:
    .ID. population_size_factor min_elites_percentage max_elites_percentage mutation_probability mutation_distribution num_total_parents num_elite_parents bias_type diversity_type crossover_type num_populations exchange_interval num_exchange_individuals pr_type pr_dist_func pr_percentage pr_interval shake_interval shake_intensity shake_distribution reset_interval .PARENT.
395  395                    106                  0.16                   0.4                 0.01                 99.24                 5                 5         4              0              0               4               963                       18       0            0           0.3         651             39            0.55              79.19              0      205

# 2026-06-19 23:39:03 UTC: Elite configurations (first number is the configuration ID; listed from best to worst according to the sum of ranks):
    population_size_factor min_elites_percentage max_elites_percentage mutation_probability mutation_distribution num_total_parents num_elite_parents bias_type diversity_type crossover_type num_populations exchange_interval num_exchange_individuals pr_type pr_dist_func pr_percentage pr_interval shake_interval shake_intensity shake_distribution reset_interval
395                    106                  0.16                  0.40                 0.01                 99.24                 5                 5         4              0              0               4               963                       18       0            0          0.30         651             39            0.55              79.19              0
205                     96                  0.09                  0.64                 0.01                 99.13                 5                 4         4              0              0               4               918                       27       0            0          0.15         708             11            0.51              81.95              0
167                     82                  0.35                  0.52                 0.01                 50.10                 5                 5         4              0              0               3               416                       52       0            0          0.14         745            196            0.48              57.28              0
179                    114                  0.17                  0.40                 0.01                 72.35                 5                 4         0              3              0               3               403                       16       0            0          0.65         835            879            0.59              70.71              0
235                    119                  0.27                  0.66                 0.06                 93.24                 5                 5         4              0              0               4               537                       34       0            0          0.41         800              5            0.70              79.27              0
266                    103                  0.19                  0.40                 0.01                 88.53                 5                 4         4              0              0               3               979                       40       0            0          0.13         535            368            0.34              94.02              0
# 2026-06-19 23:39:03 UTC: Iteration 10 of 10
# experimentsUsed: 2260
# timeUsed: 2065611
# boundEstimate: 913.987168141593
# remainingBudget: 103
# currentBudget: 103
# nbConfigurations: 11
# Markers:
     x No test is performed.
     c Configurations are discarded only due to capping.
     - The test is performed and some configurations are discarded.
     = The test is performed but no configuration is discarded.
     ! The test is performed and configurations could be discarded but elite configurations are preserved.
     . Alive configurations were already evaluated on this instance and nothing is discarded.
     : All alive configurations are elite, but some need to be evaluated on this instance.

+-+-----------+-----------+-----------+----------------+-----------+--------+-----+----+------+
| |   Instance|      Alive|       Best|       Mean best| Exp so far|  W time|  rho|KenW|  Qvar|
+-+-----------+-----------+-----------+----------------+-----------+--------+-----+----+------+
|-|         15|          8|        371|-3.915565639e+26|        121|01:45:43|-0.03|0.05|0.8631|
|-|         11|          5|        423|-1.852698780e+24|         64|03:00:05|-0.05|0.16|0.7409|
|=|         10|          8|        374|-1.732358866e+26|        126|00:45:19|+0.06|0.12|0.8373|
|=|          4|          5|        423|-1.543915650e+24|         65|00:15:00|-0.02|0.15|0.7614|
|=|         15|         11|        281|-2.441896374e+26|        121|01:19:46|+0.00|0.06|0.9141|
|=|          1|          5|        423|-1.323356790e+24|         66|00:15:00|-0.03|0.12|0.7739|
|=|          2|         11|        363|-1.480716669e+26|         47|01:30:03|+0.11|0.24|0.7581|
|=|         14|          8|        371|-3.635882380e+26|        124|00:45:00|-0.03|0.05|0.8629|
|=|          7|          5|        423|-1.221755622e+26|         67|00:15:09|+0.02|0.14|0.7550|
|=|          3|          5|        423|-1.086004998e+26|         68|00:15:00|-0.04|0.07|0.7943|
|x|          5|         12|        317|-2.033334684e+26|         42|02:30:04|+0.86|0.89|0.1038|
|=|          5|          5|        423|-1.933441498e+26|         69|00:15:06|-0.02|0.08|0.7816|
|=|         11|          8|        360|-3.472473841e+26|        127|00:45:03|-0.04|0.03|0.8868|
|=|          8|          5|        423|-1.761785653e+26|         70|00:15:03|+0.00|0.09|0.7597|
|=|          9|         11|        281|-2.306235464e+26|        126|01:15:00|+0.02|0.07|0.9052|
|=|         12|          5|        423|-1.614970181e+26|         71|00:15:00|+0.03|0.12|0.7403|
|=|          6|          5|        423|-1.490741709e+26|         72|00:15:00|-0.02|0.06|0.7843|
|-|         19|          8|        363|-1.295627085e+26|         53|01:30:01|+0.05|0.17|0.8432|
|=|          2|          8|        360|-3.255444229e+26|        130|00:45:01|-0.05|0.02|0.8910|
|=|         17|          8|        343|-1.630476097e+26|        134|02:00:01|+0.06|0.11|0.8353|
+-+-----------+-----------+-----------+----------------+-----------+--------+-----+----+------+
Best-so-far configuration:         343    mean value: -1.630476097e+26
Description of the best-so-far configuration:
    .ID. population_size_factor elites_percentage mutation_probability mutation_distribution num_total_parents num_elite_parents bias_type crossover_type diversity_type num_populations exchange_interval num_exchange_individuals pr_interval shake_interval reset_interval .PARENT.
343  343                     93              0.45                 0.01                 90.97                 3                 2         4              0              0               1                 0                        1           0              0              0      267

# 2026-06-20 02:06:10 UTC: Elite configurations (first number is the configuration ID; listed from best to worst according to the sum of ranks):
    population_size_factor elites_percentage mutation_probability mutation_distribution num_total_parents num_elite_parents bias_type crossover_type diversity_type num_populations exchange_interval num_exchange_individuals pr_interval shake_interval reset_interval
343                     93              0.45                 0.01                 90.97                 3                 2         4              0              0               1                 0                        1           0              0              0
374                     99              0.44                 0.01                 83.35                 3                 2         4              0              0               1                 0                        1           0              0              0
345                    100              0.45                 0.01                 84.27                 3                 2         4              0              0               1                 0                        1           0              0              0
370                     92              0.46                 0.01                 88.98                 3                 2         4              0              0               1                 0                        1           0              0              0
267                     95              0.44                 0.01                 91.09                 3                 2         4              0              0               1                 0                        1           0              0              0
# 2026-06-20 02:06:10 UTC: Iteration 8 of 8
# experimentsUsed: 2305
# timeUsed: 2076030
# boundEstimate: 900.663774403471
# remainingBudget: 93
# currentBudget: 93
# nbConfigurations: 9
# Markers:
     x No test is performed.
     c Configurations are discarded only due to capping.
     - The test is performed and some configurations are discarded.
     = The test is performed but no configuration is discarded.
     ! The test is performed and configurations could be discarded but elite configurations are preserved.
     . Alive configurations were already evaluated on this instance and nothing is discarded.
     : All alive configurations are elite, but some need to be evaluated on this instance.

+-+-----------+-----------+-----------+----------------+-----------+--------+-----+----+------+
| |   Instance|      Alive|       Best|       Mean best| Exp so far|  W time|  rho|KenW|  Qvar|
+-+-----------+-----------+-----------+----------------+-----------+--------+-----+----+------+
|x|         18|         11|        266|-2.538060000e+17|         11|02:45:02|   NA|  NA|    NA|
|=|          7|          8|        363|-1.157917765e+26|         56|00:45:01|+0.08|0.18|0.8096|
|=|          9|         17|        184|-1.384666190e+26|        147|03:15:04|+0.03|0.12|0.8594|
|=|          4|          8|        360|-3.068370034e+26|        133|00:45:04|-0.04|0.02|0.8836|
|=|         13|         11|        281|-2.184854650e+26|        131|01:15:00|+0.04|0.09|0.8881|
|=|         14|          5|        423|-1.384260158e+26|         77|01:15:01|+0.02|0.09|0.7559|
+-+-----------+-----------+-----------+----------------+-----------+--------+-----+----+------+
Best-so-far configuration:         423    mean value: -1.384260158e+26
Description of the best-so-far configuration:
    .ID. population_size_factor crossover_probability crossover_distribution mutation_probability mutation_distribution .PARENT.
423  423                     38                  0.39                  22.48                 0.01                 27.92      327

# 2026-06-20 03:09:09 UTC: Elite configurations (first number is the configuration ID; listed from best to worst according to the sum of ranks):
    population_size_factor crossover_probability crossover_distribution mutation_probability mutation_distribution
423                     38                  0.39                  22.48                 0.01                 27.92
285                     42                  0.38                  24.92                 0.01                 29.33
394                     41                  0.40                  19.19                 0.01                 28.30
327                     40                  0.40                  22.13                 0.01                 28.34
# 2026-06-20 03:09:09 UTC: Iteration 7 of 7
# experimentsUsed: 2309
# timeUsed: 2079728
# boundEstimate: 900.705067128627
# remainingBudget: 89
# currentBudget: 89
# nbConfigurations: 9
# Markers:
     x No test is performed.
     c Configurations are discarded only due to capping.
     - The test is performed and some configurations are discarded.
     = The test is performed but no configuration is discarded.
     ! The test is performed and configurations could be discarded but elite configurations are preserved.
     . Alive configurations were already evaluated on this instance and nothing is discarded.
     : All alive configurations are elite, but some need to be evaluated on this instance.

+-+-----------+-----------+-----------+----------------+-----------+--------+-----+----+------+
| |   Instance|      Alive|       Best|       Mean best| Exp so far|  W time|  rho|KenW|  Qvar|
+-+-----------+-----------+-----------+----------------+-----------+--------+-----+----+------+
|-|         12|          3|        317|-1.626667748e+26|         52|02:30:01|+0.40|0.52|0.2826|
+-+-----------+-----------+-----------+----------------+-----------+--------+-----+----+------+
Best-so-far configuration:         317    mean value: -1.924307939e+26
Description of the best-so-far configuration:
    .ID. population_size_factor    phmcr ppar_min ppar_max bw_min   bw_max .PARENT.
317  317                     46 0.975727 0.470562 0.829922  7e-06 0.974409      118

# 2026-06-20 03:25:43 UTC: Elite configurations (first number is the configuration ID; listed from best to worst according to the sum of ranks):
    population_size_factor    phmcr ppar_min ppar_max   bw_min   bw_max
317                     46 0.975727 0.470562 0.829922 0.000007 0.974409
401                     31 0.981093 0.475311 0.900457 0.000382 0.940391
423                     47 0.983002 0.465919 0.824684 0.000593 0.980034
# 2026-06-20 03:25:43 UTC: Iteration 8 of 8
# experimentsUsed: 2311
# timeUsed: 2080917
# boundEstimate: 900.440069234098
# remainingBudget: 88
# currentBudget: 88
# nbConfigurations: 9
# Markers:
     x No test is performed.
     c Configurations are discarded only due to capping.
     - The test is performed and some configurations are discarded.
     = The test is performed but no configuration is discarded.
     ! The test is performed and configurations could be discarded but elite configurations are preserved.
     . Alive configurations were already evaluated on this instance and nothing is discarded.
     : All alive configurations are elite, but some need to be evaluated on this instance.

+-+-----------+-----------+-----------+----------------+-----------+--------+-----+----+------+
| |   Instance|      Alive|       Best|       Mean best| Exp so far|  W time|  rho|KenW|  Qvar|
+-+-----------+-----------+-----------+----------------+-----------+--------+-----+----+------+
|=|          5|          8|        363|-1.042125989e+26|         59|00:45:00|+0.02|0.12|0.8532|
|x|          8|         11|        235|-1.243200556e+17|         16|01:15:00|+0.15|0.58|0.4160|
|=|          8|         11|        317|-2.018256198e+26|        136|01:20:56|+0.03|0.08|0.8890|
|=|          3|          8|        363|-9.473872659e+25|         62|00:45:01|+0.03|0.12|0.8535|
|x|         18|          9|        370|-1.080590000e+11|          9|02:15:00|   NA|  NA|    NA|
|=|         18|          8|        360|-3.830727254e+26|        141|02:00:51|-0.03|0.03|0.8687|
+-+-----------+-----------+-----------+----------------+-----------+--------+-----+----+------+
Best-so-far configuration:         360    mean value: -3.830727254e+26
Description of the best-so-far configuration:
    .ID. population_size_factor weight_generation decomposition neighbours   cr    f eta_m realb limit .PARENT.
360  360                     93   low discrepancy      weighted         23 0.02 0.33  2.91  0.73    14      276

# 2026-06-20 04:51:39 UTC: Elite configurations (first number is the configuration ID; listed from best to worst according to the sum of ranks):
    population_size_factor weight_generation decomposition neighbours   cr    f eta_m realb limit
360                     93   low discrepancy      weighted         23 0.02 0.33  2.91  0.73    14
371                     89   low discrepancy      weighted         21 0.03 0.34  1.46  0.65    14
375                     90   low discrepancy      weighted         20 0.09 0.32  1.52  0.78    14
340                    101   low discrepancy      weighted         25 0.04 0.39  3.66  0.74    14
385                    101   low discrepancy      weighted         26 0.05 0.25  2.92  0.65    15
# 2026-06-20 04:51:39 UTC: Iteration 8 of 8
# experimentsUsed: 2316
# timeUsed: 2086127
# boundEstimate: 900.745682210708
# remainingBudget: 82
# currentBudget: 82
# nbConfigurations: 9
# Markers:
     x No test is performed.
     c Configurations are discarded only due to capping.
     - The test is performed and some configurations are discarded.
     = The test is performed but no configuration is discarded.
     ! The test is performed and configurations could be discarded but elite configurations are preserved.
     . Alive configurations were already evaluated on this instance and nothing is discarded.
     : All alive configurations are elite, but some need to be evaluated on this instance.

+-+-----------+-----------+-----------+----------------+-----------+--------+-----+----+------+
| |   Instance|      Alive|       Best|       Mean best| Exp so far|  W time|  rho|KenW|  Qvar|
+-+-----------+-----------+-----------+----------------+-----------+--------+-----+----+------+
|x|          2|         11|        167|-3.269406668e+26|         21|01:16:20|+0.16|0.44|0.5538|
|=|         10|          8|        363|-8.684383271e+25|         65|00:45:00|+0.02|0.10|0.8537|
|x|         12|          9|        343|-2.264580000e+24|         13|01:00:01|+0.18|0.59|0.5252|
|x|         15|          9|        432|-9.658280000e+26|          9|02:16:10|   NA|  NA|    NA|
|x|         14|          9|        423|-1.110990000e+11|          9|02:15:01|   NA|  NA|    NA|
|=|         11|          8|        363|-8.016353788e+25|         68|00:45:00|+0.03|0.11|0.8548|
|-|         10|         11|        184|-1.269277341e+26|        160|03:15:01|-0.02|0.07|0.9554|
|x|          7|         11|        167|-2.464017826e+26|         26|01:15:23|+0.28|0.46|0.4934|
|x|          1|          9|        343|-1.509720080e+24|         17|01:00:00|+0.13|0.42|0.5912|
|=|          1|          8|        359|-1.496550252e+26|         71|00:45:15|+0.06|0.13|0.8280|
|x|          7|          9|        285|-9.658440000e+26|         14|01:15:37|+0.62|0.81|0.0822|
|-|         21|          7|        317|-1.922148762e+26|        147|02:45:22|+0.03|0.07|0.8507|
|x|         19|          9|        389|-5.271110000e+18|          9|02:15:06|   NA|  NA|    NA|
|x|          4|          9|        317|-1.223510555e+17|         15|01:30:00|+0.80|0.90|0.0536|
|-|         12|          6|        363|-1.334493998e+26|         74|00:45:01|+0.06|0.13|0.7738|
|x|          3|          9|        343|-2.340337560e+24|         21|01:00:02|+0.28|0.46|0.4970|
|-|          9|          7|        395|-2.106924848e+26|         31|01:15:03|-0.16|0.07|0.9745|
|=|          9|          6|        359|-1.309481473e+26|         75|00:15:00|+0.07|0.13|0.7718|
|=|         13|          7|        395|-1.764224390e+26|         32|00:15:03|-0.10|0.09|0.8959|
|=|         14|          6|        359|-1.823559033e+26|         76|00:15:05|+0.06|0.11|0.7859|
|=|          5|         11|        184|-1.757029084e+26|        167|01:45:37|+0.00|0.08|0.9342|
|=|          4|          7|        395|-1.512192340e+26|         33|00:15:00|-0.08|0.07|0.8786|
|x|          1|          9|        423|-6.416486679e+26|         19|01:15:02|+0.71|0.81|0.0675|
|!|         20|          6|        363|-1.693940154e+26|         77|00:15:00|+0.07|0.12|0.7701|
|x|         14|          9|        371|-2.787751000e+18|         13|01:00:01|+0.87|0.93|0.1270|
|=|         10|          7|        167|-1.238071147e+26|         34|00:15:00|-0.09|0.05|0.9068|
|=|         18|          6|        363|-2.140448567e+26|         78|00:15:06|+0.04|0.09|0.7952|
|-|          8|          7|        343|-2.725270048e+24|         25|01:00:02|-0.03|0.17|0.9402|
|=|         17|          7|        167|-1.106224109e+26|         35|00:15:04|-0.03|0.08|0.8553|
|=|          4|          6|        363|-2.033426138e+26|         79|00:15:00|+0.01|0.06|0.8176|
|=|          1|          7|        205|-9.314027181e+25|         36|00:15:02|+0.02|0.12|0.8041|
|=|         22|          7|        281|-1.888816068e+26|        154|01:45:02|+0.04|0.08|0.8423|
|=|         15|          6|        363|-1.936596322e+26|         80|00:15:00|-0.01|0.04|0.8378|
|=|         17|          7|        343|-2.271058414e+24|         27|00:30:00|+0.02|0.18|0.9002|
|x|          3|          9|        317|-8.156740757e+16|         22|01:45:00|+0.86|0.91|0.0411|
|=|         14|          7|        179|-8.793647251e+25|         37|00:15:00|-0.00|0.09|0.8448|
|x|         16|          9|        371|-1.970032333e+18|         17|01:00:01|+0.48|0.65|0.3959|
|x|         11|          9|        432|-4.805865018e+26|         24|01:15:02|+0.70|0.78|0.0758|
|=|         15|          7|        205|-7.761689349e+25|         38|00:15:00|+0.02|0.10|0.8114|
|=|         14|          7|        343|-1.363581929e+26|         29|00:30:10|+0.04|0.18|0.8750|
|=|          6|          7|        395|-1.631078878e+26|         39|00:15:08|+0.02|0.09|0.8184|
|=|          6|         11|        184|-2.175060578e+26|        174|01:45:40|+0.01|0.08|0.9300|
|=|          3|          7|        395|-1.514573244e+26|         40|00:15:00|-0.00|0.07|0.8512|
|=|          2|          7|        343|-2.308854188e+26|         31|00:30:09|-0.04|0.09|0.9263|
|=|          5|          7|        395|-1.413601695e+26|         41|00:15:00|-0.00|0.06|0.8614|
|x|          2|          9|        371|-2.766671750e+18|         21|01:00:02|+0.39|0.55|0.4493|
|=|         16|          7|        395|-1.325251591e+26|         42|00:15:01|-0.01|0.05|0.8651|
|=|         22|          6|        359|-1.821346571e+26|         86|01:30:01|-0.01|0.04|0.8412|
+-+-----------+-----------+-----------+----------------+-----------+--------+-----+----+------+
Best-so-far configuration:         359    mean value: -1.821346571e+26
Description of the best-so-far configuration:
    .ID. population_size_factor omega   c1   c2  chi v_coeff leader_selection_range diversity_mechanism .PARENT.
359  359                    108  0.62 0.24 3.09 0.23    0.07                     87             max min      334

# 2026-06-20 10:16:07 UTC: Elite configurations (first number is the configuration ID; listed from best to worst according to the sum of ranks):
    population_size_factor omega   c1   c2  chi v_coeff leader_selection_range diversity_mechanism
359                    108  0.62 0.24 3.09 0.23    0.07                     87             max min
363                    110  0.56 0.13 3.42 0.25    0.09                     87             max min
358                    111  0.55 0.21 3.36 0.22    0.11                     83             max min
334                    108  0.58 0.18 3.31 0.24    0.07                     85             max min
316                    111  0.54 0.04 3.33 0.18    0.13                     84             max min
# 2026-06-20 10:16:07 UTC: Iteration 9 of 9
# experimentsUsed: 2338
# timeUsed: 2105393
# boundEstimate: 900.510265183918
# remainingBudget: 61
# currentBudget: 61
# nbConfigurations: 7
# Markers:
     x No test is performed.
     c Configurations are discarded only due to capping.
     - The test is performed and some configurations are discarded.
     = The test is performed but no configuration is discarded.
     ! The test is performed and configurations could be discarded but elite configurations are preserved.
     . Alive configurations were already evaluated on this instance and nothing is discarded.
     : All alive configurations are elite, but some need to be evaluated on this instance.

+-+-----------+-----------+-----------+----------------+-----------+--------+-----+----+------+
| |   Instance|      Alive|       Best|       Mean best| Exp so far|  W time|  rho|KenW|  Qvar|
+-+-----------+-----------+-----------+----------------+-----------+--------+-----+----+------+
|=|         11|          7|        343|-2.052314834e+26|         33|00:30:00|-0.01|0.10|0.8859|
|x|          2|          9|        317|-9.241855557e+17|         28|01:30:02|+0.88|0.91|0.0365|
|-|         14|          6|        423|-3.849892015e+26|         29|01:15:01|+0.14|0.31|0.6813|
|=|         11|          7|        395|-1.247295615e+26|         43|00:15:00|-0.03|0.03|0.8815|
|=|         23|          7|        269|-1.828466243e+26|        161|01:49:19|+0.03|0.08|0.8412|
+-+-----------+-----------+-----------+----------------+-----------+--------+-----+----+------+
Best-so-far configuration:         269    mean value: -1.828466243e+26
Description of the best-so-far configuration:
    .ID. population_size_factor min_elites_percentage max_elites_percentage mutation_probability mutation_distribution num_total_parents num_elite_parents bias_type diversity_type crossover_type num_populations exchange_interval num_exchange_individuals pr_type pr_dist_func pr_percentage pr_interval shake_interval reset_interval .PARENT.
269  269                     48                  0.28                  0.33                 0.98                  6.95                 4                 4         1              2              0               3               547                       30       1            2          0.77          21              0              0      187

# 2026-06-20 10:34:04 UTC: Elite configurations (first number is the configuration ID; listed from best to worst according to the sum of ranks):
    population_size_factor min_elites_percentage max_elites_percentage mutation_probability mutation_distribution num_total_parents num_elite_parents bias_type diversity_type crossover_type num_populations exchange_interval num_exchange_individuals pr_type pr_dist_func pr_percentage pr_interval shake_interval reset_interval
269                     48                  0.28                  0.33                 0.98                  6.95                 4                 4         1              2              0               3               547                       30       1            2          0.77          21              0              0
317                     48                  0.26                  0.54                 0.90                  6.16                 4                 4         1              2              0               3               645                       31       1            2          0.54           1              0              0
281                     60                  0.10                  0.74                 0.51                 30.80                 4                 2         1              0              0               4               264                       20       1            2          0.95           7              0              0
296                     83                  0.27                  0.90                 0.75                 60.66                 3                 2         1              0              0               3               137                       19       1            2          0.98          31              0              0
134                     50                  0.19                  0.76                 0.49                 27.67                 5                 1         1              1              0               4               245                       49       1            0          0.66          44              0              0
327                     45                  0.24                  0.34                 0.95                  6.02                 4                 3         1              2              0               3               501                       50       1            2          0.81          43              0              0
# 2026-06-20 10:34:04 UTC: Iteration 9 of 9
# experimentsUsed: 2239
# timeUsed: 2102010
# boundEstimate: 938.816435908888
# remainingBudget: 62
# currentBudget: 62
# nbConfigurations: 8
# Markers:
     x No test is performed.
     c Configurations are discarded only due to capping.
     - The test is performed and some configurations are discarded.
     = The test is performed but no configuration is discarded.
     ! The test is performed and configurations could be discarded but elite configurations are preserved.
     . Alive configurations were already evaluated on this instance and nothing is discarded.
     : All alive configurations are elite, but some need to be evaluated on this instance.

+-+-----------+-----------+-----------+----------------+-----------+--------+-----+----+------+
| |   Instance|      Alive|       Best|       Mean best| Exp so far|  W time|  rho|KenW|  Qvar|
+-+-----------+-----------+-----------+----------------+-----------+--------+-----+----+------+
|=|         12|          7|        395|-1.768312525e+26|         44|00:15:06|-0.02|0.04|0.8700|
|=|          5|          7|        343|-1.847083354e+26|         35|00:30:00|-0.04|0.06|0.9116|
|=|          6|          6|        285|-3.219480019e+26|         31|00:30:01|+0.03|0.19|0.7306|
|-|          4|          7|        371|-1.463118213e+24|         25|01:00:03|-0.05|0.16|0.8786|
|=|         16|         11|        184|-2.031912559e+26|        181|01:45:03|+0.01|0.08|0.9114|
|=|         16|          7|        343|-1.679166689e+26|         37|00:30:00|-0.03|0.06|0.9050|
|=|          5|          6|        285|-4.136567159e+26|         33|00:30:15|+0.10|0.23|0.6896|
|=|          8|          7|        371|-1.219265236e+24|         27|00:30:00|-0.00|0.16|0.8129|
|=|         15|          7|        343|-1.539236132e+26|         39|00:30:00|-0.01|0.08|0.8958|
|=|         10|          6|        423|-3.601228764e+26|         35|00:30:00|+0.05|0.17|0.7686|
|x|         23|          7|        368|-1.054490000e+27|          7|01:45:39|   NA|  NA|    NA|
|=|          7|          7|        371|-1.045084488e+24|         29|00:30:00|+0.04|0.18|0.7630|
|-|          1|          3|        317|-1.687392007e+26|         35|01:45:35|+0.20|0.36|0.5422|
+-+-----------+-----------+-----------+----------------+-----------+--------+-----+----+------+
Best-so-far configuration:         317    mean value: -1.786857372e+26
Description of the best-so-far configuration:
    .ID. population_size_factor    phmcr ppar_min ppar_max bw_min   bw_max .PARENT.
317  317                     46 0.975727 0.470562 0.829922  7e-06 0.974409      118

# 2026-06-20 12:11:23 UTC: Elite configurations (first number is the configuration ID; listed from best to worst according to the sum of ranks):
    population_size_factor    phmcr ppar_min ppar_max   bw_min   bw_max
317                     46 0.975727 0.470562 0.829922 0.000007 0.974409
401                     31 0.981093 0.475311 0.900457 0.000382 0.940391
423                     47 0.983002 0.465919 0.824684 0.000593 0.980034
# 2026-06-20 12:11:23 UTC: Iteration 9 of 9
# experimentsUsed: 2346
# timeUsed: 2112435
# boundEstimate: 900.441176470588
# remainingBudget: 53
# currentBudget: 53
# nbConfigurations: 6
# Markers:
     x No test is performed.
     c Configurations are discarded only due to capping.
     - The test is performed and some configurations are discarded.
     = The test is performed but no configuration is discarded.
     ! The test is performed and configurations could be discarded but elite configurations are preserved.
     . Alive configurations were already evaluated on this instance and nothing is discarded.
     : All alive configurations are elite, but some need to be evaluated on this instance.

+-+-----------+-----------+-----------+----------------+-----------+--------+-----+----+------+
| |   Instance|      Alive|       Best|       Mean best| Exp so far|  W time|  rho|KenW|  Qvar|
+-+-----------+-----------+-----------+----------------+-----------+--------+-----+----+------+
|=|          4|          7|        343|-1.420833352e+26|         41|00:30:00|-0.01|0.07|0.8887|
|=|          9|          6|        423|-3.201092235e+26|         37|00:30:00|+0.10|0.20|0.7176|
|=|         19|          7|        395|-1.675243445e+26|         51|01:45:00|-0.01|0.04|0.8761|
+-+-----------+-----------+-----------+----------------+-----------+--------+-----+----+------+
Best-so-far configuration:         395    mean value: -1.675243445e+26
Description of the best-so-far configuration:
    .ID. population_size_factor min_elites_percentage max_elites_percentage mutation_probability mutation_distribution num_total_parents num_elite_parents bias_type diversity_type crossover_type num_populations exchange_interval num_exchange_individuals pr_type pr_dist_func pr_percentage pr_interval shake_interval shake_intensity shake_distribution reset_interval .PARENT.
395  395                    106                  0.16                   0.4                 0.01                 99.24                 5                 5         4              0              0               4               963                       18       0            0           0.3         651             39            0.55              79.19              0      205

# 2026-06-20 12:26:22 UTC: Elite configurations (first number is the configuration ID; listed from best to worst according to the sum of ranks):
    population_size_factor min_elites_percentage max_elites_percentage mutation_probability mutation_distribution num_total_parents num_elite_parents bias_type diversity_type crossover_type num_populations exchange_interval num_exchange_individuals pr_type pr_dist_func pr_percentage pr_interval shake_interval shake_intensity shake_distribution reset_interval
395                    106                  0.16                  0.40                 0.01                 99.24                 5                 5         4              0              0               4               963                       18       0            0          0.30         651             39            0.55              79.19              0
167                     82                  0.35                  0.52                 0.01                 50.10                 5                 5         4              0              0               3               416                       52       0            0          0.14         745            196            0.48              57.28              0
205                     96                  0.09                  0.64                 0.01                 99.13                 5                 4         4              0              0               4               918                       27       0            0          0.15         708             11            0.51              81.95              0
179                    114                  0.17                  0.40                 0.01                 72.35                 5                 4         0              3              0               3               403                       16       0            0          0.65         835            879            0.59              70.71              0
235                    119                  0.27                  0.66                 0.06                 93.24                 5                 5         4              0              0               4               537                       34       0            0          0.41         800              5            0.70              79.27              0
266                    103                  0.19                  0.40                 0.01                 88.53                 5                 4         4              0              0               3               979                       40       0            0          0.13         535            368            0.34              94.02              0
# 2026-06-20 12:26:22 UTC: Iteration 11 of 11
# experimentsUsed: 2311
# timeUsed: 2111620
# boundEstimate: 913.725659887495
# remainingBudget: 53
# currentBudget: 53
# nbConfigurations: 8
# Markers:
     x No test is performed.
     c Configurations are discarded only due to capping.
     - The test is performed and some configurations are discarded.
     = The test is performed but no configuration is discarded.
     ! The test is performed and configurations could be discarded but elite configurations are preserved.
     . Alive configurations were already evaluated on this instance and nothing is discarded.
     : All alive configurations are elite, but some need to be evaluated on this instance.

+-+-----------+-----------+-----------+----------------+-----------+--------+-----+----+------+
| |   Instance|      Alive|       Best|       Mean best| Exp so far|  W time|  rho|KenW|  Qvar|
+-+-----------+-----------+-----------+----------------+-----------+--------+-----+----+------+
|x|          2|          7|        368|-5.300179000e+26|          9|00:30:00|+0.36|0.68|0.5498|
|x|         24|          8|        327|-1.036520000e+11|          8|02:00:01|   NA|  NA|    NA|
|=|          3|          7|        371|-9.144489267e+23|         31|00:30:00|+0.04|0.16|0.7367|
|=|         10|          7|        343|-1.979863827e+26|         43|00:30:11|-0.00|0.07|0.8786|
|=|          3|          6|        432|-2.878685011e+26|         39|00:30:00|+0.04|0.13|0.7861|
|x|         17|          7|        368|-3.533452667e+26|         11|00:30:00|-0.33|0.11|1.0840|
|x|         21|          8|        281|-1.867575051e+18|         10|00:30:08|-0.24|0.38|0.8683|
|=|          1|         11|        184|-1.904918024e+26|        188|01:45:00|-0.01|0.05|0.9261|
|=|         15|          7|        371|-1.902583990e+26|         33|00:30:11|+0.01|0.12|0.7983|
|=|         13|          7|        343|-1.847872908e+26|         45|00:30:00|-0.00|0.06|0.8751|
|=|         12|          6|        423|-2.619075465e+26|         41|00:30:00|+0.06|0.14|0.7467|
|x|         14|          7|        368|-5.267264500e+26|         13|00:30:10|-0.05|0.21|0.9343|
|=|          5|          7|        360|-3.494888301e+26|         35|00:30:11|+0.01|0.11|0.8076|
|x|         15|          6|        317|-4.684500000e+24|          6|01:30:02|   NA|  NA|    NA|
|=|          7|          7|        343|-1.732380851e+26|         47|00:30:00|+0.01|0.07|0.8594|
|=|          2|          6|        423|-2.404560760e+26|         43|00:30:04|+0.06|0.14|0.7419|
|=|         15|          7|        358|-3.939035401e+26|         15|00:30:00|-0.06|0.15|0.9196|
|x|          3|          8|        281|-3.500833346e+26|         12|01:01:28|+0.11|0.41|0.8216|
|=|          1|          7|        360|-3.177171183e+26|         37|00:30:00|+0.06|0.14|0.7665|
|=|          9|          7|        383|-1.632470413e+26|         49|00:30:00|+0.02|0.07|0.8532|
|=|         13|          6|        423|-2.223266540e+26|         45|00:30:06|+0.09|0.16|0.7075|
|x|         20|          8|        395|-1.041060000e+27|          8|02:01:10|   NA|  NA|    NA|
|=|         16|          7|        358|-3.282529507e+26|         17|00:30:00|-0.11|0.08|0.9755|
|=|          9|          7|        360|-4.328881918e+26|         39|00:30:13|+0.08|0.15|0.7554|
|x|          6|          6|        317|-4.223307500e+26|         10|01:00:18|+0.94|0.97|0.0877|
|x|         10|          8|        281|-5.237125009e+26|         14|00:42:10|+0.19|0.39|0.7468|
|=|         17|         11|        184|-1.792864024e+26|        195|01:45:02|-0.00|0.05|0.9144|
|=|          6|          7|        383|-1.541777614e+26|         51|00:30:00|+0.04|0.09|0.8374|
|=|          4|          6|        423|-2.064461787e+26|         47|00:30:00|+0.08|0.15|0.7270|
|x|          5|          8|        395|-5.205300001e+26|         10|00:30:00|+0.50|0.75|0.3013|
|=|          8|          7|        358|-4.331153863e+26|         19|00:30:12|-0.01|0.14|0.9262|
|=|         18|          7|        360|-5.287491001e+26|         41|00:30:11|+0.08|0.15|0.7510|
|=|         17|          8|        269|-4.216560008e+26|         16|00:30:00|+0.08|0.26|0.8141|
|=|          8|          6|        423|-1.929846148e+26|         49|00:30:04|+0.08|0.14|0.7272|
|x|          1|          6|        317|-5.627858333e+26|         13|00:45:15|+0.85|0.90|0.0523|
|x|         12|          8|        395|-7.012066668e+26|         12|00:30:10|+0.57|0.71|0.2011|
|=|          3|          7|        359|-3.772452435e+26|         21|00:30:00|-0.03|0.10|0.9337|
|=|         11|          7|        360|-4.915024980e+26|         43|00:30:02|+0.08|0.15|0.7440|
|=|         13|          8|        269|-3.513800006e+26|         18|00:30:00|+0.19|0.33|0.7449|
|x|         19|          8|        395|-5.259050001e+26|         14|00:30:00|+0.63|0.73|0.2162|
|=|         13|          7|        359|-3.359384609e+26|         23|00:30:00|-0.02|0.09|0.9055|
|-|          6|          6|        360|-4.587356651e+26|         45|00:30:01|-0.03|0.04|0.8467|
|x|         12|          6|        317|-4.220893751e+26|         16|00:45:00|+0.86|0.89|0.0723|
|=|          9|          8|        269|-3.011828577e+26|         20|00:30:00|+0.16|0.28|0.7543|
|=|         13|          6|        360|-4.300646861e+26|         46|00:15:00|-0.03|0.03|0.8455|
|-|         10|          6|        395|-4.207240001e+26|         16|00:30:01|-0.01|0.20|0.8316|
|.|         13|          6|        395|-3.514487017e+26|         16|00:00:00|-0.04|0.13|0.8717|
|.|          2|          6|        395|-4.510374586e+26|         16|00:00:00|-0.01|0.13|0.8292|
|.|         16|          6|        395|-3.946577768e+26|         16|00:00:00|-0.07|0.07|0.8589|
|.|         11|          6|        395|-3.508069127e+26|         16|00:00:00|-0.07|0.05|0.8785|
|.|         14|          6|        395|-3.157262214e+26|         16|00:00:00|-0.04|0.07|0.8744|
|.|         17|          6|        395|-2.874686349e+26|         16|00:00:00|-0.05|0.05|0.8818|
|.|          9|          6|        395|-2.635129157e+26|         16|00:00:00|-0.04|0.05|0.8700|
|.|         18|          6|        395|-2.432426914e+26|         16|00:00:00|-0.05|0.03|0.8758|
|.|          3|          6|        395|-2.258682135e+26|         16|00:00:00|-0.03|0.04|0.8691|
|.|          7|          6|        395|-2.111364939e+26|         16|00:00:00|-0.02|0.05|0.8673|
|.|         15|          6|        395|-1.979404633e+26|         16|00:00:00|-0.03|0.04|0.8621|
|.|          4|          6|        395|-1.862969068e+26|         16|00:00:00|-0.04|0.02|0.8624|
|.|          8|          6|        395|-1.759470787e+26|         16|00:00:00|-0.04|0.02|0.8682|
|.|          6|          6|        395|-2.220603903e+26|         16|00:00:00|-0.03|0.03|0.8569|
|.|          1|          6|        395|-2.112011273e+26|         16|00:00:00|-0.02|0.03|0.8523|
+-+-----------+-----------+-----------+----------------+-----------+--------+-----+----+------+
Best-so-far configuration:         395    mean value: -2.112011273e+26
Description of the best-so-far configuration:
    .ID. population_size_factor min_elites_percentage max_elites_percentage mutation_probability mutation_distribution num_total_parents num_elite_parents bias_type diversity_type crossover_type num_populations exchange_interval num_exchange_individuals pr_type pr_dist_func pr_percentage pr_interval shake_interval shake_intensity shake_distribution reset_interval .PARENT.
395  395                    106                  0.16                   0.4                 0.01                 99.24                 5                 5         4              0              0               4               963                       18       0            0           0.3         651             39            0.55              79.19              0      205

# 2026-06-20 16:27:46 UTC: Elite configurations (first number is the configuration ID; listed from best to worst according to the sum of ranks):
    population_size_factor min_elites_percentage max_elites_percentage mutation_probability mutation_distribution num_total_parents num_elite_parents bias_type diversity_type crossover_type num_populations exchange_interval num_exchange_individuals pr_type pr_dist_func pr_percentage pr_interval shake_interval shake_intensity shake_distribution reset_interval
395                    106                  0.16                  0.40                 0.01                 99.24                 5                 5         4              0              0               4               963                       18       0            0          0.30         651             39            0.55              79.19              0
167                     82                  0.35                  0.52                 0.01                 50.10                 5                 5         4              0              0               3               416                       52       0            0          0.14         745            196            0.48              57.28              0
179                    114                  0.17                  0.40                 0.01                 72.35                 5                 4         0              3              0               3               403                       16       0            0          0.65         835            879            0.59              70.71              0
205                     96                  0.09                  0.64                 0.01                 99.13                 5                 4         4              0              0               4               918                       27       0            0          0.15         708             11            0.51              81.95              0
235                    119                  0.27                  0.66                 0.06                 93.24                 5                 5         4              0              0               4               537                       34       0            0          0.41         800              5            0.70              79.27              0
266                    103                  0.19                  0.40                 0.01                 88.53                 5                 4         4              0              0               3               979                       40       0            0          0.13         535            368            0.34              94.02              0
# 2026-06-20 16:27:46 UTC: Iteration 12 of 12
# experimentsUsed: 2327
# timeUsed: 2126077
# boundEstimate: 913.655779974216
# remainingBudget: 37
# currentBudget: 37
# nbConfigurations: 7
# Markers:
     x No test is performed.
     c Configurations are discarded only due to capping.
     - The test is performed and some configurations are discarded.
     = The test is performed but no configuration is discarded.
     ! The test is performed and configurations could be discarded but elite configurations are preserved.
     . Alive configurations were already evaluated on this instance and nothing is discarded.
     : All alive configurations are elite, but some need to be evaluated on this instance.

+-+-----------+-----------+-----------+----------------+-----------+--------+-----+----+------+
| |   Instance|      Alive|       Best|       Mean best| Exp so far|  W time|  rho|KenW|  Qvar|
+-+-----------+-----------+-----------+----------------+-----------+--------+-----+----+------+
|=|          5|          7|        368|-3.185134488e+26|         25|00:30:00|-0.06|0.04|0.9264|
|=|         14|         11|        184|-1.694822501e+26|        202|01:45:03|+0.00|0.06|0.9154|
|=|         19|          7|        383|-1.462982561e+26|         58|01:45:03|+0.03|0.08|0.8475|
+-+-----------+-----------+-----------+----------------+-----------+--------+-----+----+------+
Best-so-far configuration:         383    mean value: -1.462982561e+26
Description of the best-so-far configuration:
    .ID. population_size_factor elites_percentage mutation_probability mutation_distribution num_total_parents num_elite_parents bias_type crossover_type diversity_type num_populations exchange_interval num_exchange_individuals pr_interval shake_interval reset_interval .PARENT.
383  383                    100              0.44                 0.01                 82.33                 3                 2         4              0              0               1                 0                        1           0              0              0      374

# 2026-06-20 16:36:59 UTC: Elite configurations (first number is the configuration ID; listed from best to worst according to the sum of ranks):
    population_size_factor elites_percentage mutation_probability mutation_distribution num_total_parents num_elite_parents bias_type crossover_type diversity_type num_populations exchange_interval num_exchange_individuals pr_interval shake_interval reset_interval
383                    100              0.44                 0.01                 82.33                 3                 2         4              0              0               1                 0                        1           0              0              0
343                     93              0.45                 0.01                 90.97                 3                 2         4              0              0               1                 0                        1           0              0              0
374                     99              0.44                 0.01                 83.35                 3                 2         4              0              0               1                 0                        1           0              0              0
370                     92              0.46                 0.01                 88.98                 3                 2         4              0              0               1                 0                        1           0              0              0
345                    100              0.45                 0.01                 84.27                 3                 2         4              0              0               1                 0                        1           0              0              0
# 2026-06-20 16:36:59 UTC: Iteration 9 of 9
# experimentsUsed: 2363
# timeUsed: 2128247
# boundEstimate: 900.654676258993
# remainingBudget: 35
# currentBudget: 35
# nbConfigurations: 6
# Markers:
     x No test is performed.
     c Configurations are discarded only due to capping.
     - The test is performed and some configurations are discarded.
     = The test is performed but no configuration is discarded.
     ! The test is performed and configurations could be discarded but elite configurations are preserved.
     . Alive configurations were already evaluated on this instance and nothing is discarded.
     : All alive configurations are elite, but some need to be evaluated on this instance.

+-+-----------+-----------+-----------+----------------+-----------+--------+-----+----+------+
| |   Instance|      Alive|       Best|       Mean best| Exp so far|  W time|  rho|KenW|  Qvar|
+-+-----------+-----------+-----------+----------------+-----------+--------+-----+----+------+
|=|         17|          6|        371|-3.976382281e+26|         47|00:15:01|-0.03|0.03|0.8402|
|-|         19|          6|        269|-2.635350009e+26|         22|00:30:05|+0.17|0.27|0.7583|
|.|          6|          6|        269|-2.342533342e+26|         22|00:00:00|+0.09|0.19|0.7852|
|.|          4|          6|        269|-2.112606058e+26|         22|00:00:00|+0.04|0.14|0.7952|
|.|         11|          6|        269|-1.920550965e+26|         22|00:00:00|+0.04|0.12|0.8052|
|.|          8|          6|        269|-1.764072935e+26|         22|00:00:00|-0.01|0.07|0.8394|
|.|         16|          6|        269|-1.631625424e+26|         22|00:00:00|-0.03|0.05|0.8603|
|.|          7|          6|        269|-1.515080754e+26|         22|00:00:00|+0.00|0.07|0.8410|
|.|         14|          6|        269|-2.104788703e+26|         22|00:00:00|-0.01|0.06|0.8493|
|.|         20|          6|        269|-2.623051909e+26|         22|00:00:00|+0.01|0.07|0.8472|
|.|         18|          6|        269|-2.468754738e+26|         22|00:00:00|+0.01|0.07|0.8426|
|.|          2|          6|        269|-2.331601699e+26|         22|00:00:00|+0.03|0.08|0.8310|
|.|         22|          6|        269|-2.208885821e+26|         22|00:00:00|+0.03|0.08|0.8280|
|.|         23|          6|        269|-2.100662115e+26|         22|00:00:00|+0.02|0.07|0.8306|
|.|         12|          6|        269|-2.000630585e+26|         22|00:00:00|+0.03|0.08|0.8190|
|.|         15|          6|        269|-1.911578345e+26|         22|00:00:00|+0.03|0.07|0.8171|
|.|          1|          6|        269|-1.828466243e+26|         22|00:00:00|+0.04|0.08|0.8096|
|.|          5|          6|        269|-1.752280150e+26|         22|00:00:00|+0.03|0.07|0.8112|
+-+-----------+-----------+-----------+----------------+-----------+--------+-----+----+------+
Best configuration for the instances in this race: 269
Best-so-far configuration:         317    mean value: -1.683704846e+26
Description of the best-so-far configuration:
    .ID. population_size_factor min_elites_percentage max_elites_percentage mutation_probability mutation_distribution num_total_parents num_elite_parents bias_type diversity_type crossover_type num_populations exchange_interval num_exchange_individuals pr_type pr_dist_func pr_percentage pr_interval shake_interval reset_interval .PARENT.
317  317                     48                  0.26                  0.54                  0.9                  6.16                 4                 4         1              2              0               3               645                       31       1            2          0.54           1              0              0      269

# 2026-06-20 16:48:01 UTC: Elite configurations (first number is the configuration ID; listed from best to worst according to the sum of ranks):
    population_size_factor min_elites_percentage max_elites_percentage mutation_probability mutation_distribution num_total_parents num_elite_parents bias_type diversity_type crossover_type num_populations exchange_interval num_exchange_individuals pr_type pr_dist_func pr_percentage pr_interval shake_interval reset_interval
317                     48                  0.26                  0.54                 0.90                  6.16                 4                 4         1              2              0               3               645                       31       1            2          0.54           1              0              0
269                     48                  0.28                  0.33                 0.98                  6.95                 4                 4         1              2              0               3               547                       30       1            2          0.77          21              0              0
281                     60                  0.10                  0.74                 0.51                 30.80                 4                 2         1              0              0               4               264                       20       1            2          0.95           7              0              0
327                     45                  0.24                  0.34                 0.95                  6.02                 4                 3         1              2              0               3               501                       50       1            2          0.81          43              0              0
134                     50                  0.19                  0.76                 0.49                 27.67                 5                 1         1              1              0               4               245                       49       1            0          0.66          44              0              0
296                     83                  0.27                  0.90                 0.75                 60.66                 3                 2         1              0              0               3               137                       19       1            2          0.98          31              0              0
# 2026-06-20 16:48:01 UTC: Iteration 10 of 10
# experimentsUsed: 2261
# timeUsed: 2124314
# boundEstimate: 939.546218487395
# remainingBudget: 38
# currentBudget: 38
# nbConfigurations: 7
# Markers:
     x No test is performed.
     c Configurations are discarded only due to capping.
     - The test is performed and some configurations are discarded.
     = The test is performed but no configuration is discarded.
     ! The test is performed and configurations could be discarded but elite configurations are preserved.
     . Alive configurations were already evaluated on this instance and nothing is discarded.
     : All alive configurations are elite, but some need to be evaluated on this instance.

+-+-----------+-----------+-----------+----------------+-----------+--------+-----+----+------+
| |   Instance|      Alive|       Best|       Mean best| Exp so far|  W time|  rho|KenW|  Qvar|
+-+-----------+-----------+-----------+----------------+-----------+--------+-----+----+------+
|=|         10|          6|        360|-3.830727254e+26|         48|00:15:01|-0.01|0.05|0.8192|
|-|         16|          5|        423|-1.809230766e+26|         55|01:30:03|-0.00|0.06|0.7771|
|-|          4|          3|        317|-3.376715001e+26|         19|00:45:00|+0.70|0.76|0.2213|
|.|          3|          3|        317|-2.813929167e+26|         19|00:00:00|+0.73|0.78|0.2497|
+-+-----------+-----------+-----------+----------------+-----------+--------+-----+----+------+
Best-so-far configuration:         317    mean value: -1.670856547e+26
Description of the best-so-far configuration:
    .ID. population_size_factor    phmcr ppar_min ppar_max bw_min   bw_max .PARENT.
317  317                     46 0.975727 0.470562 0.829922  7e-06 0.974409      118

# 2026-06-20 16:57:01 UTC: Elite configurations (first number is the configuration ID; listed from best to worst according to the sum of ranks):
    population_size_factor    phmcr ppar_min ppar_max   bw_min   bw_max
317                     46 0.975727 0.470562 0.829922 0.000007 0.974409
401                     31 0.981093 0.475311 0.900457 0.000382 0.940391
423                     47 0.983002 0.465919 0.824684 0.000593 0.980034
# 2026-06-20 16:57:01 UTC: Iteration 10 of 10
# experimentsUsed: 2365
# timeUsed: 2129552
# boundEstimate: 900.444820295983
# remainingBudget: 34
# currentBudget: 34
# nbConfigurations: 5
# Markers:
     x No test is performed.
     c Configurations are discarded only due to capping.
     - The test is performed and some configurations are discarded.
     = The test is performed but no configuration is discarded.
     ! The test is performed and configurations could be discarded but elite configurations are preserved.
     . Alive configurations were already evaluated on this instance and nothing is discarded.
     : All alive configurations are elite, but some need to be evaluated on this instance.

+-+-----------+-----------+-----------+----------------+-----------+--------+-----+----+------+
| |   Instance|      Alive|       Best|       Mean best| Exp so far|  W time|  rho|KenW|  Qvar|
+-+-----------+-----------+-----------+----------------+-----------+--------+-----+----+------+
|=|          1|          7|        359|-3.704696499e+26|         27|00:30:11|-0.04|0.05|0.9080|
|=|         12|          6|        360|-3.629110033e+26|         49|00:15:00|-0.03|0.03|0.8383|
|x|          6|          5|        317|-8.399770000e+26|          2|00:30:09|   NA|  NA|    NA|
|=|         11|          7|        359|-3.395971790e+26|         29|00:30:00|-0.04|0.05|0.9033|
|x|          3|          5|        317|-4.199885000e+26|          4|00:30:00|+1.00|1.00|0.1251|
|=|         10|          7|        359|-3.134743191e+26|         31|00:30:00|-0.02|0.06|0.8856|
|x|         20|          6|        343|-9.473200000e+26|          6|01:30:33|   NA|  NA|    NA|
|=|         17|          5|        423|-2.264764250e+26|         60|01:15:36|-0.02|0.04|0.7809|
|x|         21|          7|        179|-5.032080000e+24|          7|01:45:11|   NA|  NA|    NA|
|x|         12|          6|        343|-4.759245800e+26|          7|00:15:00|+0.26|0.63|0.0945|
|x|          4|          7|        167|-2.458716887e+24|          8|00:15:00|+0.39|0.70|0.1741|
|=|          6|          7|        359|-2.910832966e+26|         33|00:30:00|-0.01|0.06|0.8749|
|x|         19|          6|        343|-3.187870267e+26|          8|00:15:00|+0.50|0.67|0.0611|
|=|         20|          6|        360|-3.447654531e+26|         55|01:30:00|-0.03|0.03|0.8354|
+-+-----------+-----------+-----------+----------------+-----------+--------+-----+----+------+
Best-so-far configuration:         360    mean value: -3.447654531e+26
Description of the best-so-far configuration:
    .ID. population_size_factor weight_generation decomposition neighbours   cr    f eta_m realb limit .PARENT.
360  360                     93   low discrepancy      weighted         23 0.02 0.33  2.91  0.73    14      276

# 2026-06-20 18:37:53 UTC: Elite configurations (first number is the configuration ID; listed from best to worst according to the sum of ranks):
    population_size_factor weight_generation decomposition neighbours   cr    f eta_m realb limit
360                     93   low discrepancy      weighted         23 0.02 0.33  2.91  0.73    14
371                     89   low discrepancy      weighted         21 0.03 0.34  1.46  0.65    14
340                    101   low discrepancy      weighted         25 0.04 0.39  3.66  0.74    14
375                     90   low discrepancy      weighted         20 0.09 0.32  1.52  0.78    14
385                    101   low discrepancy      weighted         26 0.05 0.25  2.92  0.65    15
# 2026-06-20 18:37:53 UTC: Iteration 9 of 9
# experimentsUsed: 2371
# timeUsed: 2135668
# boundEstimate: 900.745676929566
# remainingBudget: 27
# currentBudget: 27
# nbConfigurations: 6
# Markers:
     x No test is performed.
     c Configurations are discarded only due to capping.
     - The test is performed and some configurations are discarded.
     = The test is performed but no configuration is discarded.
     ! The test is performed and configurations could be discarded but elite configurations are preserved.
     . Alive configurations were already evaluated on this instance and nothing is discarded.
     : All alive configurations are elite, but some need to be evaluated on this instance.

+-+-----------+-----------+-----------+----------------+-----------+--------+-----+----+------+
| |   Instance|      Alive|       Best|       Mean best| Exp so far|  W time|  rho|KenW|  Qvar|
+-+-----------+-----------+-----------+----------------+-----------+--------+-----+----+------+
|x|         11|          5|        317|-2.799923345e+26|          7|00:45:00|+0.93|0.96|0.0822|
|x|         10|          7|        205|-1.627811363e+24|          9|00:15:00|+0.38|0.59|0.3405|
|x|         10|          6|        343|-4.702717700e+26|          9|00:15:06|+0.49|0.61|0.0749|
|x|          6|          7|        167|-2.473571085e+26|         10|00:15:06|+0.30|0.47|0.3933|
|=|          7|          7|        359|-2.720329568e+26|         35|00:30:01|-0.00|0.06|0.8695|
|-|          3|          5|        343|-3.771838540e+26|         10|00:15:00|+0.28|0.42|0.5394|
|.|         18|          5|        343|-3.143198783e+26|         10|00:00:00|+0.15|0.29|0.7003|
|.|          2|          5|        343|-3.969278957e+26|         10|00:00:00|+0.08|0.21|0.7402|
|.|          5|          5|        343|-3.473119092e+26|         10|00:00:00|+0.10|0.21|0.7512|
|.|         17|          5|        343|-3.087216971e+26|         10|00:00:00|+0.08|0.18|0.7595|
|.|          6|          5|        343|-2.778495277e+26|         10|00:00:00|+0.08|0.17|0.7488|
|.|         11|          5|        343|-2.525904798e+26|         10|00:00:00|+0.08|0.16|0.7500|
|.|         16|          5|        343|-2.315412734e+26|         10|00:00:00|+0.06|0.14|0.7640|
|.|          1|          5|        343|-2.137304063e+26|         10|00:00:00|+0.04|0.11|0.7898|
|.|          7|          5|        343|-1.984639487e+26|         10|00:00:00|+0.02|0.09|0.8034|
|.|         13|          5|        343|-1.852330190e+26|         10|00:00:00|-0.01|0.05|0.8207|
|.|         14|          5|        343|-2.324610178e+26|         10|00:00:00|+0.00|0.07|0.8030|
|.|          4|          5|        343|-2.187868403e+26|         10|00:00:00|+0.01|0.07|0.7866|
|.|         15|          5|        343|-2.066320158e+26|         10|00:00:00|+0.02|0.07|0.7921|
|.|          9|          5|        343|-1.957566466e+26|         10|00:00:00|+0.00|0.06|0.8023|
|.|          8|          5|        343|-1.861820643e+26|         10|00:00:00|+0.00|0.05|0.8088|
+-+-----------+-----------+-----------+----------------+-----------+--------+-----+----+------+
Best-so-far configuration:         343    mean value: -1.861820643e+26
Description of the best-so-far configuration:
    .ID. population_size_factor elites_percentage mutation_probability mutation_distribution num_total_parents num_elite_parents bias_type crossover_type diversity_type num_populations exchange_interval num_exchange_individuals pr_interval shake_interval reset_interval .PARENT.
343  343                     93              0.45                 0.01                 90.97                 3                 2         4              0              0               1                 0                        1           0              0              0      267

# 2026-06-20 19:07:41 UTC: Elite configurations (first number is the configuration ID; listed from best to worst according to the sum of ranks):
    population_size_factor elites_percentage mutation_probability mutation_distribution num_total_parents num_elite_parents bias_type crossover_type diversity_type num_populations exchange_interval num_exchange_individuals pr_interval shake_interval reset_interval
343                     93              0.45                 0.01                 90.97                 3                 2         4              0              0               1                 0                        1           0              0              0
383                    100              0.44                 0.01                 82.33                 3                 2         4              0              0               1                 0                        1           0              0              0
374                     99              0.44                 0.01                 83.35                 3                 2         4              0              0               1                 0                        1           0              0              0
370                     92              0.46                 0.01                 88.98                 3                 2         4              0              0               1                 0                        1           0              0              0
345                    100              0.45                 0.01                 84.27                 3                 2         4              0              0               1                 0                        1           0              0              0
# 2026-06-20 19:07:41 UTC: Iteration 10 of 10
# experimentsUsed: 2373
# timeUsed: 2137268
# boundEstimate: 900.660766961652
# remainingBudget: 25
# currentBudget: 25
# nbConfigurations: 6
# Markers:
     x No test is performed.
     c Configurations are discarded only due to capping.
     - The test is performed and some configurations are discarded.
     = The test is performed but no configuration is discarded.
     ! The test is performed and configurations could be discarded but elite configurations are preserved.
     . Alive configurations were already evaluated on this instance and nothing is discarded.
     : All alive configurations are elite, but some need to be evaluated on this instance.

+-+-----------+-----------+-----------+----------------+-----------+--------+-----+----+------+
| |   Instance|      Alive|       Best|       Mean best| Exp so far|  W time|  rho|KenW|  Qvar|
+-+-----------+-----------+-----------+----------------+-----------+--------+-----+----+------+
|-|         16|          6|        167|-1.978856875e+26|         11|00:15:00|-0.06|0.15|0.8725|
|.|          7|          6|        167|-1.657022613e+26|         11|00:00:00|-0.06|0.11|0.8380|
|.|         18|          6|        167|-1.420305097e+26|         11|00:00:00|-0.06|0.10|0.8409|
|.|         14|          6|        167|-1.242766960e+26|         11|00:00:00|-0.08|0.06|0.8755|
|.|          9|          6|        167|-1.104681746e+26|         11|00:00:00|-0.10|0.03|0.8980|
|.|          3|          6|        167|-9.942135716e+25|         11|00:00:00|-0.10|0.01|0.9160|
|.|         17|          6|        167|-9.085075924e+25|         11|00:00:00|-0.07|0.02|0.8870|
|.|          1|          6|        167|-8.368475180e+25|         11|00:00:00|-0.05|0.04|0.8558|
|.|         12|          6|        167|-1.550166940e+26|         11|00:00:00|-0.04|0.04|0.8441|
|.|         11|          6|        167|-1.439440730e+26|         11|00:00:00|-0.05|0.03|0.8625|
|.|         19|          6|        167|-1.343478015e+26|         11|00:00:00|-0.04|0.03|0.8725|
|.|          8|          6|        167|-1.259510639e+26|         11|00:00:00|-0.04|0.03|0.8792|
|.|          2|          6|        167|-1.762375895e+26|         11|00:00:00|-0.03|0.03|0.8698|
|.|         15|          6|        167|-1.664466125e+26|         11|00:00:00|-0.03|0.03|0.8603|
|.|         20|          6|        167|-2.013308961e+26|         11|00:00:00|-0.03|0.02|0.8515|
|.|         13|          6|        167|-1.915068403e+26|         11|00:00:00|-0.02|0.03|0.8393|
|.|          5|          6|        167|-1.823874669e+26|         11|00:00:00|-0.02|0.03|0.8431|
+-+-----------+-----------+-----------+----------------+-----------+--------+-----+----+------+
Best configuration for the instances in this race: 167
Best-so-far configuration:         395    mean value: -2.013758760e+26
Description of the best-so-far configuration:
    .ID. population_size_factor min_elites_percentage max_elites_percentage mutation_probability mutation_distribution num_total_parents num_elite_parents bias_type diversity_type crossover_type num_populations exchange_interval num_exchange_individuals pr_type pr_dist_func pr_percentage pr_interval shake_interval shake_intensity shake_distribution reset_interval .PARENT.
395  395                    106                  0.16                   0.4                 0.01                 99.24                 5                 5         4              0              0               4               963                       18       0            0           0.3         651             39            0.55              79.19              0      205

# 2026-06-20 19:13:06 UTC: Elite configurations (first number is the configuration ID; listed from best to worst according to the sum of ranks):
    population_size_factor min_elites_percentage max_elites_percentage mutation_probability mutation_distribution num_total_parents num_elite_parents bias_type diversity_type crossover_type num_populations exchange_interval num_exchange_individuals pr_type pr_dist_func pr_percentage pr_interval shake_interval shake_intensity shake_distribution reset_interval
395                    106                  0.16                  0.40                 0.01                 99.24                 5                 5         4              0              0               4               963                       18       0            0          0.30         651             39            0.55              79.19              0
167                     82                  0.35                  0.52                 0.01                 50.10                 5                 5         4              0              0               3               416                       52       0            0          0.14         745            196            0.48              57.28              0
179                    114                  0.17                  0.40                 0.01                 72.35                 5                 4         0              3              0               3               403                       16       0            0          0.65         835            879            0.59              70.71              0
205                     96                  0.09                  0.64                 0.01                 99.13                 5                 4         4              0              0               4               918                       27       0            0          0.15         708             11            0.51              81.95              0
235                    119                  0.27                  0.66                 0.06                 93.24                 5                 5         4              0              0               4               537                       34       0            0          0.41         800              5            0.70              79.27              0
266                    103                  0.19                  0.40                 0.01                 88.53                 5                 4         4              0              0               3               979                       40       0            0          0.13         535            368            0.34              94.02              0
# 2026-06-20 19:13:06 UTC: Iteration 13 of 13
# experimentsUsed: 2338
# timeUsed: 2135989
# boundEstimate: 913.596663815227
# remainingBudget: 26
# currentBudget: 26
# nbConfigurations: 7
# Markers:
     x No test is performed.
     c Configurations are discarded only due to capping.
     - The test is performed and some configurations are discarded.
     = The test is performed but no configuration is discarded.
     ! The test is performed and configurations could be discarded but elite configurations are preserved.
     . Alive configurations were already evaluated on this instance and nothing is discarded.
     : All alive configurations are elite, but some need to be evaluated on this instance.

+-+-----------+-----------+-----------+----------------+-----------+--------+-----+----+------+
| |   Instance|      Alive|       Best|       Mean best| Exp so far|  W time|  rho|KenW|  Qvar|
+-+-----------+-----------+-----------+----------------+-----------+--------+-----+----+------+
|=|         19|         11|        184|-1.605621317e+26|        213|02:45:01|+0.00|0.05|0.9237|
+-+-----------+-----------+-----------+----------------+-----------+--------+-----+----+------+
Best-so-far configuration:         184    mean value: -1.605621317e+26
Description of the best-so-far configuration:
    .ID. population_size_factor ker    q threshold n_gen_mark focus .PARENT.
184  184                     88   5 0.64       100         55  8.52      171

# 2026-06-20 19:19:45 UTC: Elite configurations (first number is the configuration ID; listed from best to worst according to the sum of ranks):
    population_size_factor ker    q threshold n_gen_mark focus
184                     88   5 0.64       100         55  8.52
68                     101   6 0.66        89         25  5.65
320                     84   5 0.89        67         16  3.47
352                     97   6 0.61        87         24  5.80
# 2026-06-20 19:19:45 UTC: Iteration 7 of 7
# experimentsUsed: 2374
# timeUsed: 2137938
# boundEstimate: 900.563605728728
# remainingBudget: 24
# currentBudget: 24
# nbConfigurations: 5
# Markers:
     x No test is performed.
     c Configurations are discarded only due to capping.
     - The test is performed and some configurations are discarded.
     = The test is performed but no configuration is discarded.
     ! The test is performed and configurations could be discarded but elite configurations are preserved.
     . Alive configurations were already evaluated on this instance and nothing is discarded.
     : All alive configurations are elite, but some need to be evaluated on this instance.

+-+-----------+-----------+-----------+----------------+-----------+--------+-----+----+------+
| |   Instance|      Alive|       Best|       Mean best| Exp so far|  W time|  rho|KenW|  Qvar|
+-+-----------+-----------+-----------+----------------+-----------+--------+-----+----+------+
|x|         14|          6|        386|-1.123570000e+27|          1|00:15:09|   NA|  NA|    NA|
|x|          8|          5|        317|-2.099942509e+26|         10|00:45:00|+0.95|0.96|0.0677|
|=|         18|          5|        423|-2.141399947e+26|         65|01:15:13|-0.02|0.03|0.7895|
+-+-----------+-----------+-----------+----------------+-----------+--------+-----+----+------+
Best-so-far configuration:         423    mean value: -2.141399947e+26
Description of the best-so-far configuration:
    .ID. population_size_factor crossover_probability crossover_distribution mutation_probability mutation_distribution .PARENT.
423  423                     38                  0.39                  22.48                 0.01                 27.92      327

# 2026-06-20 19:27:32 UTC: Elite configurations (first number is the configuration ID; listed from best to worst according to the sum of ranks):
    population_size_factor crossover_probability crossover_distribution mutation_probability mutation_distribution
423                     38                  0.39                  22.48                 0.01                 27.92
285                     42                  0.38                  24.92                 0.01                 29.33
432                     40                  0.40                  18.95                 0.01                 28.10
327                     40                  0.40                  22.13                 0.01                 28.34
# 2026-06-20 19:27:32 UTC: Iteration 8 of 8
# experimentsUsed: 2374
# timeUsed: 2138344
# boundEstimate: 900.734625105307
# remainingBudget: 24
# currentBudget: 24
# nbConfigurations: 5
# Markers:
     x No test is performed.
     c Configurations are discarded only due to capping.
     - The test is performed and some configurations are discarded.
     = The test is performed but no configuration is discarded.
     ! The test is performed and configurations could be discarded but elite configurations are preserved.
     . Alive configurations were already evaluated on this instance and nothing is discarded.
     : All alive configurations are elite, but some need to be evaluated on this instance.

+-+-----------+-----------+-----------+----------------+-----------+--------+-----+----+------+
| |   Instance|      Alive|       Best|       Mean best| Exp so far|  W time|  rho|KenW|  Qvar|
+-+-----------+-----------+-----------+----------------+-----------+--------+-----+----+------+
|x|          5|          7|        235|-2.555170000e+17|          1|00:15:00|   NA|  NA|    NA|
|=|         20|          7|        359|-2.553574658e+26|         37|00:30:01|-0.00|0.06|0.8638|
|x|         15|          6|        343|-4.704405000e+26|          2|00:15:00|-0.60|0.20|1.6145|
|x|         10|          7|        235|-2.552405000e+17|          2|00:15:00|+0.36|0.68|0.6622|
|x|         25|          7|        281|-1.038640000e+27|          7|02:55:07|   NA|  NA|    NA|
|x|          8|          6|        343|-3.150486667e+26|          3|00:15:05|-0.24|0.17|1.0559|
|-|         13|          3|        317|-3.297548007e+26|         12|00:30:08|+0.80|0.84|0.0848|
+-+-----------+-----------+-----------+----------------+-----------+--------+-----+----+------+
Best-so-far configuration:         317    mean value: -1.670856547e+26
Description of the best-so-far configuration:
    .ID. population_size_factor    phmcr ppar_min ppar_max bw_min   bw_max .PARENT.
317  317                     46 0.975727 0.470562 0.829922  7e-06 0.974409      118

# 2026-06-20 19:57:20 UTC: Elite configurations (first number is the configuration ID; listed from best to worst according to the sum of ranks):
    population_size_factor    phmcr ppar_min ppar_max   bw_min   bw_max
317                     46 0.975727 0.470562 0.829922 0.000007 0.974409
401                     31 0.981093 0.475311 0.900457 0.000382 0.940391
423                     47 0.983002 0.465919 0.824684 0.000593 0.980034
# 2026-06-20 19:57:20 UTC: Stopped because there is not enough budget left to race more than the minimum (4).
# You may either increase the budget or set 'minNbSurvival' to a lower value.
# Iteration: 11
# nbIterations: 11
# experimentsUsed: 2377
# timeUsed: 2140361
# remainingBudget: 22
# currentBudget: 22
# number of elites: 3
# nbConfigurations: 4
# Total CPU user time: 2140981, CPU sys time: 835.872, Wall-clock time: 2141882
# Best configurations (first number is the configuration ID; listed from best to worst according to the sum of ranks):
    population_size_factor    phmcr ppar_min ppar_max   bw_min   bw_max
317                     46 0.975727 0.470562 0.829922 0.000007 0.974409
401                     31 0.981093 0.475311 0.900457 0.000382 0.940391
423                     47 0.983002 0.465919 0.824684 0.000593 0.980034
# Best configurations as commandlines (first number is the configuration ID; listed from best to worst according to the sum of ranks):
317 --population-size-factor 46 --phmcr 0.975727 --ppar-min 0.470562 --ppar-max 0.829922 --bw-min 0.000007 --bw-max 0.974409
401 --population-size-factor 31 --phmcr 0.981093 --ppar-min 0.475311 --ppar-max 0.900457 --bw-min 0.000382 --bw-max 0.940391
423 --population-size-factor 47 --phmcr 0.983002 --ppar-min 0.465919 --ppar-max 0.824684 --bw-min 0.000593 --bw-max 0.980034


# Testing of elite configurations: 5 
# Testing iteration configurations: FALSE 
# 2026-06-20 19:57:21 UTC: Testing configurations (in no particular order): 317 401 423
    population_size_factor    phmcr ppar_min ppar_max   bw_min   bw_max
317                     46 0.975727 0.470562 0.829922 0.000007 0.974409
401                     31 0.981093 0.475311 0.900457 0.000382 0.940391
423                     47 0.983002 0.465919 0.824684 0.000593 0.980034
|x|         11|          7|        235|-2.555346667e+17|          3|00:15:00|+0.38|0.59|0.6546|
|x|         19|          7|        269|-5.192350018e+26|          8|00:15:05|+0.14|0.57|0.7850|
|=|         18|          7|        368|-3.052872107e+26|         39|00:30:11|+0.01|0.07|0.8521|
|x|         18|          6|        370|-2.310915775e+26|          4|00:15:00|+0.00|0.25|0.8737|
|x|         21|          6|        375|-7.296830000e+24|          6|01:30:04|   NA|  NA|    NA|
|x|          9|          7|        235|-1.128751000e+18|          4|00:15:00|+0.29|0.47|0.6569|
|x|         15|          6|        375|-8.319484150e+26|          7|00:15:05|-0.14|0.43|0.8446|
|=|         10|          6|        343|-3.739744000e+26|          5|00:15:09|-0.13|0.10|0.9475|
|x|          3|          7|        269|-6.997766679e+26|          9|00:28:46|+0.31|0.54|0.7247|
|=|         17|          7|        235|-6.730769030e+23|          5|00:15:02|+0.19|0.35|0.7292|
|=|          4|          7|        359|-2.770781362e+26|         41|00:30:00|+0.00|0.06|0.8570|
|x|         20|          5|         68|-9.798530000e+10|          5|01:15:00|   NA|  NA|    NA|
|=|         17|          6|        343|-3.116453334e+26|          6|00:15:00|-0.06|0.12|0.9282|
|x|          5|          6|        360|-1.164808343e+27|          8|00:15:06|-0.18|0.21|0.8950|
|x|          7|          7|        269|-5.248325018e+26|         10|00:15:00|+0.27|0.46|0.7497|
|x|         19|          5|        437|-2.660190000e+17|          5|01:15:01|   NA|  NA|    NA|
|=|         14|          7|        235|-5.608974192e+23|          6|00:15:00|+0.18|0.32|0.7382|
|x|          7|          5|         68|-1.434200000e+24|          6|00:15:00|+0.70|0.85|0.2179|
|=|          7|          6|        343|-2.671245715e+26|          7|00:15:00|-0.06|0.10|0.8707|
|x|          9|          6|        360|-1.298548757e+27|          9|00:15:06|+0.05|0.29|0.7349|
|=|          4|          7|        269|-4.207312115e+26|         11|00:15:15|+0.05|0.24|0.8329|
|x|         13|          5|        423|-2.386795131e+24|          6|00:15:03|+0.10|0.55|0.5873|
|-|         19|          6|        235|-4.807692164e+23|          7|00:15:00|+0.07|0.20|0.8725|
|.|          4|          6|        235|-4.206735087e+23|          7|00:00:00|+0.01|0.13|0.8871|
|.|         12|          6|        235|-1.047074876e+26|          7|00:00:00|-0.01|0.10|0.8903|
|.|          3|          6|        235|-9.423673881e+25|          7|00:00:00|+0.00|0.10|0.8768|
|.|         15|          6|        235|-8.566976286e+25|          7|00:00:00|-0.02|0.07|0.8842|
|.|         21|          6|        235|-7.886385513e+25|          7|00:00:00|-0.03|0.06|0.8899|
|.|          6|          6|        235|-1.450080201e+26|          7|00:00:00|-0.02|0.06|0.8732|
|.|          2|          6|        235|-2.023412330e+26|          7|00:00:00|-0.00|0.07|0.8547|
|.|          1|          6|        235|-1.890742314e+26|          7|00:00:00|-0.01|0.06|0.8540|
|.|         16|          6|        235|-1.772570922e+26|          7|00:00:00|-0.03|0.04|0.8562|
|.|          7|          6|        235|-1.670252974e+26|          7|00:00:00|-0.02|0.04|0.8496|
|.|         20|          6|        235|-2.041080031e+26|          7|00:00:00|-0.01|0.04|0.8374|
|.|         13|          6|        235|-1.935475892e+26|          7|00:00:00|-0.00|0.05|0.8247|
|.|         18|          6|        235|-1.838702098e+26|          7|00:00:00|-0.01|0.04|0.8300|
|.|          8|          6|        235|-1.751144855e+26|          7|00:00:00|-0.02|0.03|0.8431|
+-+-----------+-----------+-----------+----------------+-----------+--------+-----+----+------+
Best configuration for the instances in this race: 235
Best-so-far configuration:         395    mean value: -2.013758760e+26
Description of the best-so-far configuration:
    .ID. population_size_factor min_elites_percentage max_elites_percentage mutation_probability mutation_distribution num_total_parents num_elite_parents bias_type diversity_type crossover_type num_populations exchange_interval num_exchange_individuals pr_type pr_dist_func pr_percentage pr_interval shake_interval shake_intensity shake_distribution reset_interval .PARENT.
395  395                    106                  0.16                   0.4                 0.01                 99.24                 5                 5         4              0              0               4               963                       18       0            0           0.3         651             39            0.55              79.19              0      205

# 2026-06-20 20:58:11 UTC: Elite configurations (first number is the configuration ID; listed from best to worst according to the sum of ranks):
    population_size_factor min_elites_percentage max_elites_percentage mutation_probability mutation_distribution num_total_parents num_elite_parents bias_type diversity_type crossover_type num_populations exchange_interval num_exchange_individuals pr_type pr_dist_func pr_percentage pr_interval shake_interval shake_intensity shake_distribution reset_interval
395                    106                  0.16                  0.40                 0.01                 99.24                 5                 5         4              0              0               4               963                       18       0            0          0.30         651             39            0.55              79.19              0
167                     82                  0.35                  0.52                 0.01                 50.10                 5                 5         4              0              0               3               416                       52       0            0          0.14         745            196            0.48              57.28              0
179                    114                  0.17                  0.40                 0.01                 72.35                 5                 4         0              3              0               3               403                       16       0            0          0.65         835            879            0.59              70.71              0
205                     96                  0.09                  0.64                 0.01                 99.13                 5                 4         4              0              0               4               918                       27       0            0          0.15         708             11            0.51              81.95              0
235                    119                  0.27                  0.66                 0.06                 93.24                 5                 5         4              0              0               4               537                       34       0            0          0.41         800              5            0.70              79.27              0
266                    103                  0.19                  0.40                 0.01                 88.53                 5                 4         4              0              0               3               979                       40       0            0          0.13         535            368            0.34              94.02              0
# 2026-06-20 20:58:11 UTC: Stopped because there is not enough budget left to race more than the minimum (6).
# You may either increase the budget or set 'minNbSurvival' to a lower value.
# Iteration: 14
# nbIterations: 14
# experimentsUsed: 2345
# timeUsed: 2142291
# remainingBudget: 19
# currentBudget: 19
# number of elites: 6
# nbConfigurations: 6
# Total CPU user time: 2144504, CPU sys time: 959.648, Wall-clock time: 2145532
# Best configurations (first number is the configuration ID; listed from best to worst according to the sum of ranks):
    population_size_factor min_elites_percentage max_elites_percentage mutation_probability mutation_distribution num_total_parents num_elite_parents bias_type diversity_type crossover_type num_populations exchange_interval num_exchange_individuals pr_type pr_dist_func pr_percentage pr_interval shake_interval shake_intensity shake_distribution reset_interval
395                    106                  0.16                  0.40                 0.01                 99.24                 5                 5         4              0              0               4               963                       18       0            0          0.30         651             39            0.55              79.19              0
167                     82                  0.35                  0.52                 0.01                 50.10                 5                 5         4              0              0               3               416                       52       0            0          0.14         745            196            0.48              57.28              0
179                    114                  0.17                  0.40                 0.01                 72.35                 5                 4         0              3              0               3               403                       16       0            0          0.65         835            879            0.59              70.71              0
205                     96                  0.09                  0.64                 0.01                 99.13                 5                 4         4              0              0               4               918                       27       0            0          0.15         708             11            0.51              81.95              0
235                    119                  0.27                  0.66                 0.06                 93.24                 5                 5         4              0              0               4               537                       34       0            0          0.41         800              5            0.70              79.27              0
266                    103                  0.19                  0.40                 0.01                 88.53                 5                 4         4              0              0               3               979                       40       0            0          0.13         535            368            0.34              94.02              0
# Best configurations as commandlines (first number is the configuration ID; listed from best to worst according to the sum of ranks):
395 --population-size-factor 106 --min-elites-percentage 0.16 --max-elites-percentage 0.4 --mutation-probability 0.01 --mutation-distribution 99.24 --num-total-parents 5 --num-elite-parents 5 --bias-type 4 --diversity-type 0 --crossover-type 0 --num-populations 4 --exchange-interval 963 --num-exchange-individuals 18 --pr-type 0 --pr-dist-func 0 --pr-percentage 0.3 --pr-interval 651 --shake-interval 39 --shake-intensity 0.55 --shake-distribution 79.19 --reset-interval 0
167 --population-size-factor 82 --min-elites-percentage 0.35 --max-elites-percentage 0.52 --mutation-probability 0.01 --mutation-distribution 50.1 --num-total-parents 5 --num-elite-parents 5 --bias-type 4 --diversity-type 0 --crossover-type 0 --num-populations 3 --exchange-interval 416 --num-exchange-individuals 52 --pr-type 0 --pr-dist-func 0 --pr-percentage 0.14 --pr-interval 745 --shake-interval 196 --shake-intensity 0.48 --shake-distribution 57.28 --reset-interval 0
179 --population-size-factor 114 --min-elites-percentage 0.17 --max-elites-percentage 0.4 --mutation-probability 0.01 --mutation-distribution 72.35 --num-total-parents 5 --num-elite-parents 4 --bias-type 0 --diversity-type 3 --crossover-type 0 --num-populations 3 --exchange-interval 403 --num-exchange-individuals 16 --pr-type 0 --pr-dist-func 0 --pr-percentage 0.65 --pr-interval 835 --shake-interval 879 --shake-intensity 0.59 --shake-distribution 70.71 --reset-interval 0
205 --population-size-factor 96 --min-elites-percentage 0.09 --max-elites-percentage 0.64 --mutation-probability 0.01 --mutation-distribution 99.13 --num-total-parents 5 --num-elite-parents 4 --bias-type 4 --diversity-type 0 --crossover-type 0 --num-populations 4 --exchange-interval 918 --num-exchange-individuals 27 --pr-type 0 --pr-dist-func 0 --pr-percentage 0.15 --pr-interval 708 --shake-interval 11 --shake-intensity 0.51 --shake-distribution 81.95 --reset-interval 0
235 --population-size-factor 119 --min-elites-percentage 0.27 --max-elites-percentage 0.66 --mutation-probability 0.06 --mutation-distribution 93.24 --num-total-parents 5 --num-elite-parents 5 --bias-type 4 --diversity-type 0 --crossover-type 0 --num-populations 4 --exchange-interval 537 --num-exchange-individuals 34 --pr-type 0 --pr-dist-func 0 --pr-percentage 0.41 --pr-interval 800 --shake-interval 5 --shake-intensity 0.7 --shake-distribution 79.27 --reset-interval 0
266 --population-size-factor 103 --min-elites-percentage 0.19 --max-elites-percentage 0.4 --mutation-probability 0.01 --mutation-distribution 88.53 --num-total-parents 5 --num-elite-parents 4 --bias-type 4 --diversity-type 0 --crossover-type 0 --num-populations 3 --exchange-interval 979 --num-exchange-individuals 40 --pr-type 0 --pr-dist-func 0 --pr-percentage 0.13 --pr-interval 535 --shake-interval 368 --shake-intensity 0.34 --shake-distribution 94.02 --reset-interval 0


# Testing of elite configurations: 5 
# Testing iteration configurations: FALSE 
# 2026-06-20 20:58:11 UTC: Testing configurations (in no particular order): 395 167 179 205 235
    population_size_factor min_elites_percentage max_elites_percentage mutation_probability mutation_distribution num_total_parents num_elite_parents bias_type diversity_type crossover_type num_populations exchange_interval num_exchange_individuals pr_type pr_dist_func pr_percentage pr_interval shake_interval shake_intensity shake_distribution reset_interval
395                    106                  0.16                  0.40                 0.01                 99.24                 5                 5         4              0              0               4               963                       18       0            0          0.30         651             39            0.55              79.19              0
167                     82                  0.35                  0.52                 0.01                 50.10                 5                 5         4              0              0               3               416                       52       0            0          0.14         745            196            0.48              57.28              0
179                    114                  0.17                  0.40                 0.01                 72.35                 5                 4         0              3              0               3               403                       16       0            0          0.65         835            879            0.59              70.71              0
205                     96                  0.09                  0.64                 0.01                 99.13                 5                 4         4              0              0               4               918                       27       0            0          0.15         708             11            0.51              81.95              0
235                    119                  0.27                  0.66                 0.06                 93.24                 5                 5         4              0              0               4               537                       34       0            0          0.41         800              5            0.70              79.27              0
|=|         21|          7|        359|-2.624950764e+26|         43|00:30:00|-0.00|0.05|0.8648|
|x|         11|          5|        184|-9.388033958e+23|          7|00:15:00|+0.23|0.49|0.6362|
|=|          4|          6|        343|-2.337340000e+26|          8|00:15:00|-0.04|0.09|0.8352|
|=|         17|          6|        360|-1.040226628e+27|         10|00:15:01|-0.05|0.16|0.8370|
|=|         22|          7|        269|-3.506093429e+26|         12|00:15:00|+0.01|0.18|0.8635|
|x|          5|          5|        423|-3.202701968e+26|          7|00:15:08|-0.20|0.20|0.8314|
|x|         14|          5|        184|-1.407017547e+24|          8|00:15:00|+0.18|0.39|0.7018|
|=|          6|          6|        343|-2.077635560e+26|          9|00:15:01|+0.02|0.13|0.7759|
|=|          3|          6|        340|-8.424125600e+26|         11|00:15:00|+0.05|0.21|0.8055|
|x|          9|          5|        423|-2.402026476e+26|          8|00:15:00|-0.03|0.23|0.7135|
|=|         12|          7|        363|-2.532486138e+26|         45|00:30:00|+0.00|0.05|0.8596|
|=|         15|          5|        184|-1.125614037e+24|          9|00:15:00|+0.24|0.39|0.6709|
|=|          6|          6|        371|-7.271280122e+26|         12|00:15:01|+0.01|0.15|0.8071|
|=|          2|          6|        383|-2.765938764e+26|         10|00:15:16|-0.04|0.06|0.8525|
|=|         10|          7|        269|-4.501537225e+26|         13|00:27:05|+0.10|0.23|0.7991|
|=|          6|          5|        423|-1.921621188e+26|          9|00:15:00|-0.02|0.18|0.6929|
|-|          6|          4|        184|-1.277625117e+26|         10|00:15:07|+0.07|0.22|0.7189|
|.|         16|          4|        184|-1.099084429e+26|         10|00:00:00|+0.16|0.28|0.6907|
|.|         18|          4|        184|-1.906428875e+26|         10|00:00:00|+0.12|0.23|0.6813|
|.|          9|          4|        184|-1.694603448e+26|         10|00:00:00|+0.02|0.13|0.7706|
|.|         13|          4|        184|-1.525143106e+26|         10|00:00:00|+0.04|0.13|0.7804|
|.|         17|          4|        184|-1.386493735e+26|         10|00:00:00|+0.03|0.12|0.7522|
|.|          1|          4|        184|-1.270952590e+26|         10|00:00:00|-0.03|0.06|0.7877|
|.|          4|          4|        184|-1.175372691e+26|         10|00:00:00|+0.00|0.08|0.7663|
|.|          2|          4|        184|-1.091417499e+26|         10|00:00:00|+0.04|0.10|0.7556|
|.|         10|          4|        184|-1.018656332e+26|         10|00:00:00|+0.05|0.11|0.7352|
|.|         19|          4|        184|-9.549903116e+25|         10|00:00:00|+0.00|0.07|0.7593|
|.|          8|          4|        184|-8.988144110e+25|         10|00:00:00|+0.00|0.06|0.7566|
|.|          3|          4|        184|-8.488802786e+25|         10|00:00:00|-0.00|0.05|0.7616|
|.|          5|          4|        184|-1.204731317e+26|         10|00:00:00|+0.02|0.07|0.7453|
|.|         12|          4|        184|-1.525340251e+26|         10|00:00:00|+0.01|0.06|0.7586|
+-+-----------+-----------+-----------+----------------+-----------+--------+-----+----+------+
Best-so-far configuration:         184    mean value: -1.525340251e+26
Description of the best-so-far configuration:
    .ID. population_size_factor ker    q threshold n_gen_mark focus .PARENT.
184  184                     88   5 0.64       100         55  8.52      171

# 2026-06-20 21:49:55 UTC: Elite configurations (first number is the configuration ID; listed from best to worst according to the sum of ranks):
    population_size_factor ker    q threshold n_gen_mark focus
184                     88   5 0.64       100         55  8.52
68                     101   6 0.66        89         25  5.65
320                     84   5 0.89        67         16  3.47
352                     97   6 0.61        87         24  5.80
# 2026-06-20 21:49:55 UTC: Stopped because there is not enough budget left to race more than the minimum (4).
# You may either increase the budget or set 'minNbSurvival' to a lower value.
# Iteration: 8
# nbIterations: 8
# experimentsUsed: 2384
# timeUsed: 2146942
# remainingBudget: 14
# currentBudget: 14
# number of elites: 4
# nbConfigurations: 4
# Total CPU user time: 2147703, CPU sys time: 863.881, Wall-clock time: 2148637
# Best configurations (first number is the configuration ID; listed from best to worst according to the sum of ranks):
    population_size_factor ker    q threshold n_gen_mark focus
184                     88   5 0.64       100         55  8.52
68                     101   6 0.66        89         25  5.65
320                     84   5 0.89        67         16  3.47
352                     97   6 0.61        87         24  5.80
# Best configurations as commandlines (first number is the configuration ID; listed from best to worst according to the sum of ranks):
184 --population-size-factor 88 --ker 5 --q 0.64 --threshold 100 --n-gen-mark 55 --focus 8.52
68  --population-size-factor 101 --ker 6 --q 0.66 --threshold 89 --n-gen-mark 25 --focus 5.65
320 --population-size-factor 84 --ker 5 --q 0.89 --threshold 67 --n-gen-mark 16 --focus 3.47
352 --population-size-factor 97 --ker 6 --q 0.61 --threshold 87 --n-gen-mark 24 --focus 5.8


# Testing of elite configurations: 5 
# Testing iteration configurations: FALSE 
# 2026-06-20 21:49:55 UTC: Testing configurations (in no particular order): 184 68 320 352
    population_size_factor ker    q threshold n_gen_mark focus
184                     88   5 0.64       100         55  8.52
68                     101   6 0.66        89         25  5.65
320                     84   5 0.89        67         16  3.47
352                     97   6 0.61        87         24  5.80
|=|         10|          6|        371|-6.371534582e+26|         13|00:15:01|+0.09|0.20|0.7299|
|=|         19|          6|        383|-2.518550840e+26|         11|00:15:03|+0.00|0.09|0.8189|
|=|          8|          7|        269|-3.944196897e+26|         14|00:17:10|+0.03|0.15|0.8436|
|=|          3|          5|        423|-1.601350990e+26|         10|00:15:00|-0.11|0.07|0.7877|
|=|         19|          7|        363|-2.411891560e+26|         47|00:30:00|+0.00|0.05|0.8578|
|=|         14|          6|        371|-5.663586295e+26|         14|00:15:00|+0.14|0.23|0.7097|
|=|          1|          6|        343|-2.305799937e+26|         12|00:15:00|+0.02|0.10|0.7902|
|=|         24|          7|        269|-3.505952797e+26|         15|00:15:00|+0.03|0.14|0.8478|
# 2026-06-20 22:12:37 UTC: Testing results (column number is configuration ID in no particular order):
        seeds          317          401          423
1t  156626372 -8.43556e+12 -7.44874e+12 -7.45021e+12
2t 2054061085 -5.91666e+25 -5.72704e+25 -5.62439e+25
3t   27853046 -1.67569e+20 -1.52578e+20 -1.45302e+20
# 2026-06-20 22:12:37 UTC: Finished testing
|=|         17|          5|        423|-2.737343706e+26|         11|00:15:08|-0.09|0.07|0.7788|
|-|          1|          5|        371|-5.097227666e+26|         15|00:15:00|+0.13|0.22|0.6626|
|.|          2|          5|        371|-4.633843337e+26|         15|00:00:00|+0.03|0.12|0.7541|
|.|          8|          5|        371|-4.247689726e+26|         15|00:00:00|+0.03|0.11|0.7369|
|.|         11|          5|        371|-3.926483240e+26|         15|00:00:00|+0.00|0.08|0.7756|
|.|          7|          5|        371|-3.646020151e+26|         15|00:00:00|-0.01|0.06|0.7870|
|.|         18|          5|        371|-4.511238808e+26|         15|00:00:00|-0.02|0.05|0.8052|
|.|         20|          5|        371|-4.229286382e+26|         15|00:00:00|-0.04|0.03|0.8288|
|.|         19|          5|        371|-3.980504833e+26|         15|00:00:00|-0.02|0.04|0.8099|
|.|         13|          5|        371|-3.759365676e+26|         15|00:00:00|-0.00|0.05|0.7944|
|.|         12|          5|        371|-3.561504327e+26|         15|00:00:00|-0.02|0.04|0.8129|
|.|          4|          5|        371|-3.387086901e+26|         15|00:00:00|-0.02|0.03|0.8144|
|.|         16|          5|        371|-3.225797049e+26|         15|00:00:00|-0.03|0.02|0.8234|
+-+-----------+-----------+-----------+----------------+-----------+--------+-----+----+------+
Best configuration for the instances in this race: 371
Best-so-far configuration:         360    mean value: -3.286840044e+26
Description of the best-so-far configuration:
    .ID. population_size_factor weight_generation decomposition neighbours   cr    f eta_m realb limit .PARENT.
360  360                     93   low discrepancy      weighted         23 0.02 0.33  2.91  0.73    14      276

# 2026-06-20 22:23:21 UTC: Elite configurations (first number is the configuration ID; listed from best to worst according to the sum of ranks):
    population_size_factor weight_generation decomposition neighbours   cr    f eta_m realb limit
360                     93   low discrepancy      weighted         23 0.02 0.33  2.91  0.73    14
340                    101   low discrepancy      weighted         25 0.04 0.39  3.66  0.74    14
375                     90   low discrepancy      weighted         20 0.09 0.32  1.52  0.78    14
371                     89   low discrepancy      weighted         21 0.03 0.34  1.46  0.65    14
385                    101   low discrepancy      weighted         26 0.05 0.25  2.92  0.65    15
# 2026-06-20 22:23:21 UTC: Stopped because there is not enough budget left to race more than the minimum (5).
# You may either increase the budget or set 'minNbSurvival' to a lower value.
# Iteration: 10
# nbIterations: 10
# experimentsUsed: 2386
# timeUsed: 2149185
# remainingBudget: 12
# currentBudget: 12
# number of elites: 5
# nbConfigurations: 5
# Total CPU user time: 2135248, CPU sys time: 15302.89, Wall-clock time: 2150643
# Best configurations (first number is the configuration ID; listed from best to worst according to the sum of ranks):
    population_size_factor weight_generation decomposition neighbours   cr    f eta_m realb limit
360                     93   low discrepancy      weighted         23 0.02 0.33  2.91  0.73    14
340                    101   low discrepancy      weighted         25 0.04 0.39  3.66  0.74    14
375                     90   low discrepancy      weighted         20 0.09 0.32  1.52  0.78    14
371                     89   low discrepancy      weighted         21 0.03 0.34  1.46  0.65    14
385                    101   low discrepancy      weighted         26 0.05 0.25  2.92  0.65    15
# Best configurations as commandlines (first number is the configuration ID; listed from best to worst according to the sum of ranks):
360 --population-size-factor 93 --weight-generation low discrepancy --decomposition weighted --neighbours 23 --cr 0.02 --f 0.33 --eta-m 2.91 --realb 0.73 --limit 14
340 --population-size-factor 101 --weight-generation low discrepancy --decomposition weighted --neighbours 25 --cr 0.04 --f 0.39 --eta-m 3.66 --realb 0.74 --limit 14
375 --population-size-factor 90 --weight-generation low discrepancy --decomposition weighted --neighbours 20 --cr 0.09 --f 0.32 --eta-m 1.52 --realb 0.78 --limit 14
371 --population-size-factor 89 --weight-generation low discrepancy --decomposition weighted --neighbours 21 --cr 0.03 --f 0.34 --eta-m 1.46 --realb 0.65 --limit 14
385 --population-size-factor 101 --weight-generation low discrepancy --decomposition weighted --neighbours 26 --cr 0.05 --f 0.25 --eta-m 2.92 --realb 0.65 --limit 15


# Testing of elite configurations: 5 
# Testing iteration configurations: FALSE 
# 2026-06-20 22:23:21 UTC: Testing configurations (in no particular order): 360 340 375 371 385
    population_size_factor weight_generation decomposition neighbours   cr    f eta_m realb limit
360                     93   low discrepancy      weighted         23 0.02 0.33  2.91  0.73    14
340                    101   low discrepancy      weighted         25 0.04 0.39  3.66  0.74    14
375                     90   low discrepancy      weighted         20 0.09 0.32  1.52  0.78    14
371                     89   low discrepancy      weighted         21 0.03 0.34  1.46  0.65    14
385                    101   low discrepancy      weighted         26 0.05 0.25  2.92  0.65    15
|=|          9|          6|        383|-2.131081480e+26|         13|00:15:01|+0.04|0.11|0.7534|
|=|          1|          7|        281|-3.141777378e+26|         16|00:15:00|+0.08|0.17|0.8174|
|=|          1|          5|        423|-2.395175747e+26|         12|00:15:00|-0.08|0.05|0.7642|
|=|          9|          7|        363|-2.302260126e+26|         49|00:30:00|+0.00|0.05|0.8562|
|=|         16|          6|        383|-1.978861377e+26|         14|00:15:03|+0.07|0.14|0.7172|
|=|         17|          7|        317|-2.773252934e+26|         17|00:15:00|+0.08|0.17|0.7998|
|=|         14|          5|        423|-2.129045109e+26|         13|00:15:00|-0.02|0.09|0.7176|
|-|          3|          5|        383|-1.850077072e+26|         15|00:15:01|+0.01|0.07|0.8005|
|.|          5|          5|        383|-1.734447257e+26|         15|00:00:00|-0.00|0.06|0.8112|
|.|         11|          5|        383|-1.632420948e+26|         15|00:00:00|+0.00|0.06|0.8084|
|.|         13|          5|        383|-1.541730898e+26|         15|00:00:00|-0.02|0.04|0.8155|
|.|         12|          5|        383|-1.462982561e+26|         15|00:00:00|+0.00|0.05|0.8008|
|.|         20|          5|        383|-1.841938433e+26|         15|00:00:00|+0.00|0.05|0.8088|
+-+-----------+-----------+-----------+----------------+-----------+--------+-----+----+------+
Best configuration for the instances in this race: 383
Best-so-far configuration:         343    mean value: -1.861820643e+26
Description of the best-so-far configuration:
    .ID. population_size_factor elites_percentage mutation_probability mutation_distribution num_total_parents num_elite_parents bias_type crossover_type diversity_type num_populations exchange_interval num_exchange_individuals pr_interval shake_interval reset_interval .PARENT.
343  343                     93              0.45                 0.01                 90.97                 3                 2         4              0              0               1                 0                        1           0              0              0      267

# 2026-06-20 22:53:37 UTC: Elite configurations (first number is the configuration ID; listed from best to worst according to the sum of ranks):
    population_size_factor elites_percentage mutation_probability mutation_distribution num_total_parents num_elite_parents bias_type crossover_type diversity_type num_populations exchange_interval num_exchange_individuals pr_interval shake_interval reset_interval
343                     93              0.45                 0.01                 90.97                 3                 2         4              0              0               1                 0                        1           0              0              0
383                    100              0.44                 0.01                 82.33                 3                 2         4              0              0               1                 0                        1           0              0              0
374                     99              0.44                 0.01                 83.35                 3                 2         4              0              0               1                 0                        1           0              0              0
370                     92              0.46                 0.01                 88.98                 3                 2         4              0              0               1                 0                        1           0              0              0
345                    100              0.45                 0.01                 84.27                 3                 2         4              0              0               1                 0                        1           0              0              0
# 2026-06-20 22:53:37 UTC: Stopped because there is not enough budget left to race more than the minimum (5).
# You may either increase the budget or set 'minNbSurvival' to a lower value.
# Iteration: 11
# nbIterations: 11
# experimentsUsed: 2388
# timeUsed: 2150812
# remainingBudget: 10
# currentBudget: 10
# number of elites: 5
# nbConfigurations: 5
# Total CPU user time: 2151225, CPU sys time: 1157.584, Wall-clock time: 2152458
# Best configurations (first number is the configuration ID; listed from best to worst according to the sum of ranks):
    population_size_factor elites_percentage mutation_probability mutation_distribution num_total_parents num_elite_parents bias_type crossover_type diversity_type num_populations exchange_interval num_exchange_individuals pr_interval shake_interval reset_interval
343                     93              0.45                 0.01                 90.97                 3                 2         4              0              0               1                 0                        1           0              0              0
383                    100              0.44                 0.01                 82.33                 3                 2         4              0              0               1                 0                        1           0              0              0
374                     99              0.44                 0.01                 83.35                 3                 2         4              0              0               1                 0                        1           0              0              0
370                     92              0.46                 0.01                 88.98                 3                 2         4              0              0               1                 0                        1           0              0              0
345                    100              0.45                 0.01                 84.27                 3                 2         4              0              0               1                 0                        1           0              0              0
# Best configurations as commandlines (first number is the configuration ID; listed from best to worst according to the sum of ranks):
343 --population-size-factor 93 --elites-percentage 0.45 --mutation-probability 0.01 --mutation-distribution 90.97 --num-total-parents 3 --num-elite-parents 2 --bias-type 4 --crossover-type 0 --diversity-type 0 --num-populations 1 --exchange-interval 0 --num-exchange-individuals 1 --pr-interval 0 --shake-interval 0 --reset-interval 0
383 --population-size-factor 100 --elites-percentage 0.44 --mutation-probability 0.01 --mutation-distribution 82.33 --num-total-parents 3 --num-elite-parents 2 --bias-type 4 --crossover-type 0 --diversity-type 0 --num-populations 1 --exchange-interval 0 --num-exchange-individuals 1 --pr-interval 0 --shake-interval 0 --reset-interval 0
374 --population-size-factor 99 --elites-percentage 0.44 --mutation-probability 0.01 --mutation-distribution 83.35 --num-total-parents 3 --num-elite-parents 2 --bias-type 4 --crossover-type 0 --diversity-type 0 --num-populations 1 --exchange-interval 0 --num-exchange-individuals 1 --pr-interval 0 --shake-interval 0 --reset-interval 0
370 --population-size-factor 92 --elites-percentage 0.46 --mutation-probability 0.01 --mutation-distribution 88.98 --num-total-parents 3 --num-elite-parents 2 --bias-type 4 --crossover-type 0 --diversity-type 0 --num-populations 1 --exchange-interval 0 --num-exchange-individuals 1 --pr-interval 0 --shake-interval 0 --reset-interval 0
345 --population-size-factor 100 --elites-percentage 0.45 --mutation-probability 0.01 --mutation-distribution 84.27 --num-total-parents 3 --num-elite-parents 2 --bias-type 4 --crossover-type 0 --diversity-type 0 --num-populations 1 --exchange-interval 0 --num-exchange-individuals 1 --pr-interval 0 --shake-interval 0 --reset-interval 0


# Testing of elite configurations: 5 
# Testing iteration configurations: FALSE 
# 2026-06-20 22:53:37 UTC: Testing configurations (in no particular order): 343 383 374 370 345
    population_size_factor elites_percentage mutation_probability mutation_distribution num_total_parents num_elite_parents bias_type crossover_type diversity_type num_populations exchange_interval num_exchange_individuals pr_interval shake_interval reset_interval
343                     93              0.45                 0.01                 90.97                 3                 2         4              0              0               1                 0                        1           0              0              0
383                    100              0.44                 0.01                 82.33                 3                 2         4              0              0               1                 0                        1           0              0              0
374                     99              0.44                 0.01                 83.35                 3                 2         4              0              0               1                 0                        1           0              0              0
370                     92              0.46                 0.01                 88.98                 3                 2         4              0              0               1                 0                        1           0              0              0
345                    100              0.45                 0.01                 84.27                 3                 2         4              0              0               1                 0                        1           0              0              0
|-|         11|          6|        317|-2.542148526e+26|         18|00:15:00|+0.05|0.13|0.8045|
|.|          6|          6|        317|-2.346598640e+26|         18|00:00:00|+0.05|0.12|0.7971|
|.|         12|          6|        317|-2.178984451e+26|         18|00:00:00|+0.08|0.15|0.7678|
|.|          9|          6|        317|-2.033718821e+26|         18|00:00:00|+0.07|0.13|0.7742|
|.|          5|          6|        317|-1.906611395e+26|         18|00:00:00|+0.08|0.13|0.7729|
|.|         16|          6|        317|-1.796704607e+26|         18|00:00:00|+0.05|0.10|0.8064|
|.|         15|          6|        317|-1.699325218e+26|         18|00:00:00|+0.06|0.11|0.7943|
|.|         14|          6|        317|-2.130269680e+26|         18|00:00:00|+0.02|0.08|0.8193|
|.|         23|          6|        317|-2.025945811e+26|         18|00:00:00|+0.01|0.06|0.8219|
|.|         20|          6|        317|-2.411653153e+26|         18|00:00:00|+0.00|0.05|0.8330|
|.|         18|          6|        317|-2.302032556e+26|         18|00:00:00|+0.01|0.06|0.8248|
|.|         13|          6|        317|-2.201944184e+26|         18|00:00:00|+0.03|0.07|0.8115|
|.|         21|          6|        317|-2.110196511e+26|         18|00:00:00|+0.04|0.08|0.8077|
|.|          2|          6|        317|-2.025788652e+26|         18|00:00:00|+0.04|0.08|0.8035|
+-+-----------+-----------+-----------+----------------+-----------+--------+-----+----+------+
Best configuration for the instances in this race: 317
Best-so-far configuration:         269    mean value: -2.097576944e+26
Description of the best-so-far configuration:
    .ID. population_size_factor min_elites_percentage max_elites_percentage mutation_probability mutation_distribution num_total_parents num_elite_parents bias_type diversity_type crossover_type num_populations exchange_interval num_exchange_individuals pr_type pr_dist_func pr_percentage pr_interval shake_interval reset_interval .PARENT.
269  269                     48                  0.28                  0.33                 0.98                  6.95                 4                 4         1              2              0               3               547                       30       1            2          0.77          21              0              0      187

# 2026-06-20 22:56:35 UTC: Elite configurations (first number is the configuration ID; listed from best to worst according to the sum of ranks):
    population_size_factor min_elites_percentage max_elites_percentage mutation_probability mutation_distribution num_total_parents num_elite_parents bias_type diversity_type crossover_type num_populations exchange_interval num_exchange_individuals pr_type pr_dist_func pr_percentage pr_interval shake_interval reset_interval
269                     48                  0.28                  0.33                 0.98                  6.95                 4                 4         1              2              0               3               547                       30       1            2          0.77          21              0              0
281                     60                  0.10                  0.74                 0.51                 30.80                 4                 2         1              0              0               4               264                       20       1            2          0.95           7              0              0
317                     48                  0.26                  0.54                 0.90                  6.16                 4                 4         1              2              0               3               645                       31       1            2          0.54           1              0              0
327                     45                  0.24                  0.34                 0.95                  6.02                 4                 3         1              2              0               3               501                       50       1            2          0.81          43              0              0
134                     50                  0.19                  0.76                 0.49                 27.67                 5                 1         1              1              0               4               245                       49       1            0          0.66          44              0              0
296                     83                  0.27                  0.90                 0.75                 60.66                 3                 2         1              0              0               3               137                       19       1            2          0.98          31              0              0
# 2026-06-20 22:56:35 UTC: Stopped because there is not enough budget left to race more than the minimum (6).
# You may either increase the budget or set 'minNbSurvival' to a lower value.
# Iteration: 11
# nbIterations: 11
# experimentsUsed: 2279
# timeUsed: 2146171
# remainingBudget: 15
# currentBudget: 15
# number of elites: 6
# nbConfigurations: 6
# Total CPU user time: 2151774, CPU sys time: 782.898, Wall-clock time: 2152637
# Best configurations (first number is the configuration ID; listed from best to worst according to the sum of ranks):
    population_size_factor min_elites_percentage max_elites_percentage mutation_probability mutation_distribution num_total_parents num_elite_parents bias_type diversity_type crossover_type num_populations exchange_interval num_exchange_individuals pr_type pr_dist_func pr_percentage pr_interval shake_interval reset_interval
269                     48                  0.28                  0.33                 0.98                  6.95                 4                 4         1              2              0               3               547                       30       1            2          0.77          21              0              0
281                     60                  0.10                  0.74                 0.51                 30.80                 4                 2         1              0              0               4               264                       20       1            2          0.95           7              0              0
317                     48                  0.26                  0.54                 0.90                  6.16                 4                 4         1              2              0               3               645                       31       1            2          0.54           1              0              0
327                     45                  0.24                  0.34                 0.95                  6.02                 4                 3         1              2              0               3               501                       50       1            2          0.81          43              0              0
134                     50                  0.19                  0.76                 0.49                 27.67                 5                 1         1              1              0               4               245                       49       1            0          0.66          44              0              0
296                     83                  0.27                  0.90                 0.75                 60.66                 3                 2         1              0              0               3               137                       19       1            2          0.98          31              0              0
# Best configurations as commandlines (first number is the configuration ID; listed from best to worst according to the sum of ranks):
269 --population-size-factor 48 --min-elites-percentage 0.28 --max-elites-percentage 0.33 --mutation-probability 0.98 --mutation-distribution 6.95 --num-total-parents 4 --num-elite-parents 4 --bias-type 1 --diversity-type 2 --crossover-type 0 --num-populations 3 --exchange-interval 547 --num-exchange-individuals 30 --pr-type 1 --pr-dist-func 2 --pr-percentage 0.77 --pr-interval 21 --shake-interval 0 --reset-interval 0
281 --population-size-factor 60 --min-elites-percentage 0.1 --max-elites-percentage 0.74 --mutation-probability 0.51 --mutation-distribution 30.8 --num-total-parents 4 --num-elite-parents 2 --bias-type 1 --diversity-type 0 --crossover-type 0 --num-populations 4 --exchange-interval 264 --num-exchange-individuals 20 --pr-type 1 --pr-dist-func 2 --pr-percentage 0.95 --pr-interval 7 --shake-interval 0 --reset-interval 0
317 --population-size-factor 48 --min-elites-percentage 0.26 --max-elites-percentage 0.54 --mutation-probability 0.9 --mutation-distribution 6.16 --num-total-parents 4 --num-elite-parents 4 --bias-type 1 --diversity-type 2 --crossover-type 0 --num-populations 3 --exchange-interval 645 --num-exchange-individuals 31 --pr-type 1 --pr-dist-func 2 --pr-percentage 0.54 --pr-interval 1 --shake-interval 0 --reset-interval 0
327 --population-size-factor 45 --min-elites-percentage 0.24 --max-elites-percentage 0.34 --mutation-probability 0.95 --mutation-distribution 6.02 --num-total-parents 4 --num-elite-parents 3 --bias-type 1 --diversity-type 2 --crossover-type 0 --num-populations 3 --exchange-interval 501 --num-exchange-individuals 50 --pr-type 1 --pr-dist-func 2 --pr-percentage 0.81 --pr-interval 43 --shake-interval 0 --reset-interval 0
134 --population-size-factor 50 --min-elites-percentage 0.19 --max-elites-percentage 0.76 --mutation-probability 0.49 --mutation-distribution 27.67 --num-total-parents 5 --num-elite-parents 1 --bias-type 1 --diversity-type 1 --crossover-type 0 --num-populations 4 --exchange-interval 245 --num-exchange-individuals 49 --pr-type 1 --pr-dist-func 0 --pr-percentage 0.66 --pr-interval 44 --shake-interval 0 --reset-interval 0
296 --population-size-factor 83 --min-elites-percentage 0.27 --max-elites-percentage 0.9 --mutation-probability 0.75 --mutation-distribution 60.66 --num-total-parents 3 --num-elite-parents 2 --bias-type 1 --diversity-type 0 --crossover-type 0 --num-populations 3 --exchange-interval 137 --num-exchange-individuals 19 --pr-type 1 --pr-dist-func 2 --pr-percentage 0.98 --pr-interval 31 --shake-interval 0 --reset-interval 0


# Testing of elite configurations: 5 
# Testing iteration configurations: FALSE 
# 2026-06-20 22:56:35 UTC: Testing configurations (in no particular order): 269 281 317 327 134
    population_size_factor min_elites_percentage max_elites_percentage mutation_probability mutation_distribution num_total_parents num_elite_parents bias_type diversity_type crossover_type num_populations exchange_interval num_exchange_individuals pr_type pr_dist_func pr_percentage pr_interval shake_interval reset_interval
269                     48                  0.28                  0.33                 0.98                  6.95                 4                 4         1              2              0               3               547                       30       1            2          0.77          21              0              0
281                     60                  0.10                  0.74                 0.51                 30.80                 4                 2         1              0              0               4               264                       20       1            2          0.95           7              0              0
317                     48                  0.26                  0.54                 0.90                  6.16                 4                 4         1              2              0               3               645                       31       1            2          0.54           1              0              0
327                     45                  0.24                  0.34                 0.95                  6.02                 4                 3         1              2              0               3               501                       50       1            2          0.81          43              0              0
134                     50                  0.19                  0.76                 0.49                 27.67                 5                 1         1              1              0               4               245                       49       1            0          0.66          44              0              0
|=|         15|          5|        423|-2.872945598e+26|         14|00:15:06|-0.06|0.04|0.7873|
|=|         22|          7|        359|-2.168437590e+26|         51|00:30:00|-0.00|0.04|0.8621|
|=|         10|          5|        423|-2.611768726e+26|         15|00:15:00|-0.05|0.04|0.8011|
|=|          2|          5|        423|-2.397862915e+26|         16|00:15:02|-0.07|0.02|0.8124|
|=|         12|          5|        423|-2.213411922e+26|         17|00:15:00|-0.05|0.03|0.7977|
|=|          7|          5|        423|-2.746840356e+26|         18|00:15:07|-0.03|0.04|0.7747|
|=|          4|          5|        423|-2.563717666e+26|         19|00:15:00|-0.03|0.04|0.7864|
|=|         18|          5|        423|-2.406248236e+26|         20|00:15:02|-0.02|0.05|0.7821|
|=|          8|          5|        423|-2.267364646e+26|         21|00:15:01|+0.00|0.06|0.7646|
# 2026-06-21 00:45:52 UTC: Testing results (column number is configuration ID in no particular order):
        seeds          395          167          179          205          235
1t 1498864257 -1.04791e+13 -1.01797e+13 -9.10030e+12 -1.03109e+13 -9.88187e+12
2t 1284866537 -7.63611e+25 -6.90660e+25 -8.23530e+25 -7.41034e+25 -6.59092e+25
3t 1843345298 -2.14615e+20 -2.08963e+20 -1.57843e+20 -2.13334e+20 -1.77762e+20
# 2026-06-21 00:45:52 UTC: Finished testing
|=|         24|          7|        359|-2.080365770e+26|         58|01:45:03|+0.00|0.05|0.8511|
+-+-----------+-----------+-----------+----------------+-----------+--------+-----+----+------+
Best-so-far configuration:         359    mean value: -2.080365770e+26
Description of the best-so-far configuration:
    .ID. population_size_factor omega   c1   c2  chi v_coeff leader_selection_range diversity_mechanism .PARENT.
359  359                    108  0.62 0.24 3.09 0.23    0.07                     87             max min      334

# 2026-06-21 00:47:46 UTC: Elite configurations (first number is the configuration ID; listed from best to worst according to the sum of ranks):
    population_size_factor omega   c1   c2  chi v_coeff leader_selection_range diversity_mechanism
359                    108  0.62 0.24 3.09 0.23    0.07                     87             max min
363                    110  0.56 0.13 3.42 0.25    0.09                     87             max min
334                    108  0.58 0.18 3.31 0.24    0.07                     85             max min
358                    111  0.55 0.21 3.36 0.22    0.11                     83             max min
316                    111  0.54 0.04 3.33 0.18    0.13                     84             max min
# 2026-06-21 00:47:46 UTC: Stopped because there is not enough budget left to race more than the minimum (5).
# You may either increase the budget or set 'minNbSurvival' to a lower value.
# Iteration: 10
# nbIterations: 10
# experimentsUsed: 2396
# timeUsed: 2157640
# remainingBudget: 3
# currentBudget: 3
# number of elites: 5
# nbConfigurations: 5
# Total CPU user time: 2145703, CPU sys time: 13518.86, Wall-clock time: 2159308
# Best configurations (first number is the configuration ID; listed from best to worst according to the sum of ranks):
    population_size_factor omega   c1   c2  chi v_coeff leader_selection_range diversity_mechanism
359                    108  0.62 0.24 3.09 0.23    0.07                     87             max min
363                    110  0.56 0.13 3.42 0.25    0.09                     87             max min
334                    108  0.58 0.18 3.31 0.24    0.07                     85             max min
358                    111  0.55 0.21 3.36 0.22    0.11                     83             max min
316                    111  0.54 0.04 3.33 0.18    0.13                     84             max min
# Best configurations as commandlines (first number is the configuration ID; listed from best to worst according to the sum of ranks):
359 --population-size-factor 108 --omega 0.62 --c1 0.24 --c2 3.09 --chi 0.23 --v-coeff 0.07 --leader-selection-range 87 --diversity-mechanism max min
363 --population-size-factor 110 --omega 0.56 --c1 0.13 --c2 3.42 --chi 0.25 --v-coeff 0.09 --leader-selection-range 87 --diversity-mechanism max min
334 --population-size-factor 108 --omega 0.58 --c1 0.18 --c2 3.31 --chi 0.24 --v-coeff 0.07 --leader-selection-range 85 --diversity-mechanism max min
358 --population-size-factor 111 --omega 0.55 --c1 0.21 --c2 3.36 --chi 0.22 --v-coeff 0.11 --leader-selection-range 83 --diversity-mechanism max min
316 --population-size-factor 111 --omega 0.54 --c1 0.04 --c2 3.33 --chi 0.18 --v-coeff 0.13 --leader-selection-range 84 --diversity-mechanism max min


# Testing of elite configurations: 5 
# Testing iteration configurations: FALSE 
# 2026-06-21 00:47:46 UTC: Testing configurations (in no particular order): 359 363 334 358 316
    population_size_factor omega   c1   c2  chi v_coeff leader_selection_range diversity_mechanism
359                    108  0.62 0.24 3.09 0.23    0.07                     87             max min
363                    110  0.56 0.13 3.42 0.25    0.09                     87             max min
334                    108  0.58 0.18 3.31 0.24    0.07                     85             max min
358                    111  0.55 0.21 3.36 0.22    0.11                     83             max min
316                    111  0.54 0.04 3.33 0.18    0.13                     84             max min
# 2026-06-21 00:50:19 UTC: Testing results (column number is configuration ID in no particular order):
        seeds          184           68          320          352
1t  477403812 -6.92589e+12 -6.89757e+12 -6.90345e+12 -6.88249e+12
2t 1791746256 -4.79388e+25 -4.71728e+25 -4.74931e+25 -4.80624e+25
3t 1502506249 -1.43561e+20 -1.44044e+20 -1.44875e+20 -1.45076e+20
# 2026-06-21 00:50:19 UTC: Finished testing
|=|         16|          5|        423|-2.141399946e+26|         22|00:15:00|+0.01|0.06|0.7655|
|=|         11|          5|        423|-2.028694687e+26|         23|00:15:00|-0.01|0.04|0.7704|
+-+-----------+-----------+-----------+----------------+-----------+--------+-----+----+------+
Best-so-far configuration:         423    mean value: -2.028694687e+26
Description of the best-so-far configuration:
    .ID. population_size_factor crossover_probability crossover_distribution mutation_probability mutation_distribution .PARENT.
423  423                     38                  0.39                  22.48                 0.01                 27.92      327

# 2026-06-21 01:13:18 UTC: Elite configurations (first number is the configuration ID; listed from best to worst according to the sum of ranks):
    population_size_factor crossover_probability crossover_distribution mutation_probability mutation_distribution
423                     38                  0.39                  22.48                 0.01                 27.92
285                     42                  0.38                  24.92                 0.01                 29.33
437                     38                  0.38                  23.26                 0.01                 28.21
432                     40                  0.40                  18.95                 0.01                 28.10
# 2026-06-21 01:13:18 UTC: Stopped because there is not enough budget left to race more than the minimum (4).
# You may either increase the budget or set 'minNbSurvival' to a lower value.
# Iteration: 9
# nbIterations: 9
# experimentsUsed: 2397
# timeUsed: 2159066
# remainingBudget: 1
# currentBudget: 1
# number of elites: 4
# nbConfigurations: 4
# Total CPU user time: 2146371, CPU sys time: 14368.46, Wall-clock time: 2160840
# Best configurations (first number is the configuration ID; listed from best to worst according to the sum of ranks):
    population_size_factor crossover_probability crossover_distribution mutation_probability mutation_distribution
423                     38                  0.39                  22.48                 0.01                 27.92
285                     42                  0.38                  24.92                 0.01                 29.33
437                     38                  0.38                  23.26                 0.01                 28.21
432                     40                  0.40                  18.95                 0.01                 28.10
# Best configurations as commandlines (first number is the configuration ID; listed from best to worst according to the sum of ranks):
423 --population-size-factor 38 --crossover-probability 0.39 --crossover-distribution 22.48 --mutation-probability 0.01 --mutation-distribution 27.92
285 --population-size-factor 42 --crossover-probability 0.38 --crossover-distribution 24.92 --mutation-probability 0.01 --mutation-distribution 29.33
437 --population-size-factor 38 --crossover-probability 0.38 --crossover-distribution 23.26 --mutation-probability 0.01 --mutation-distribution 28.21
432 --population-size-factor 40 --crossover-probability 0.4 --crossover-distribution 18.95 --mutation-probability 0.01 --mutation-distribution 28.1


# Testing of elite configurations: 5 
# Testing iteration configurations: FALSE 
# 2026-06-21 01:13:18 UTC: Testing configurations (in no particular order): 423 285 437 432
    population_size_factor crossover_probability crossover_distribution mutation_probability mutation_distribution
423                     38                  0.39                  22.48                 0.01                 27.92
285                     42                  0.38                  24.92                 0.01                 29.33
437                     38                  0.38                  23.26                 0.01                 28.21
432                     40                  0.40                  18.95                 0.01                 28.10
# 2026-06-21 02:08:54 UTC: Testing results (column number is configuration ID in no particular order):
        seeds          360          340          375          371          385
1t 1841707836 -1.37311e+13 -1.38948e+13 -1.40522e+13 -1.38820e+13 -1.36556e+13
2t 2021981277 -1.20273e+26 -1.22960e+26 -1.14360e+26 -1.10826e+26 -1.16446e+26
3t  290493576 -3.05770e+20 -2.99894e+20 -2.92673e+20 -3.06953e+20 -3.07845e+20
# 2026-06-21 02:08:54 UTC: Finished testing
# 2026-06-21 02:39:03 UTC: Testing results (column number is configuration ID in no particular order):
        seeds          343          383          374          370          345
1t 1768578177 -1.00520e+13 -1.03525e+13 -1.03148e+13 -1.03322e+13 -1.03002e+13
2t  593043883 -6.90018e+25 -6.78694e+25 -6.29173e+25 -6.68704e+25 -7.17922e+25
3t 1764560797 -1.96202e+20 -1.98999e+20 -2.05340e+20 -1.99135e+20 -1.88219e+20
# 2026-06-21 02:39:03 UTC: Finished testing
# 2026-06-21 03:02:31 UTC: Testing results (column number is configuration ID in no particular order):
        seeds          269          281          317          327          134
1t  600353661 -1.05259e+13 -1.02700e+13 -1.02183e+13 -1.01685e+13 -1.03640e+13
2t  826571685 -7.28473e+25 -7.30647e+25 -7.37350e+25 -7.16294e+25 -7.21408e+25
3t 1606737972 -1.90991e+20 -1.93593e+20 -1.96992e+20 -1.91804e+20 -1.99120e+20
# 2026-06-21 03:02:31 UTC: Finished testing
# 2026-06-21 04:13:48 UTC: Testing results (column number is configuration ID in no particular order):
        seeds          423          285          437          432
1t  873232938 -1.00060e+13 -1.01083e+13 -1.01392e+13 -1.01417e+13
2t  863592304 -6.82839e+25 -6.83843e+25 -6.99716e+25 -6.90121e+25
3t 2129534216 -1.85020e+20 -1.87141e+20 -1.87085e+20 -1.85609e+20
# 2026-06-21 04:13:48 UTC: Finished testing
# 2026-06-21 04:33:11 UTC: Testing results (column number is configuration ID in no particular order):
        seeds          359          363          334          358          316
1t  628120301 -1.03894e+13 -1.00120e+13 -1.02629e+13 -1.02376e+13 -1.04140e+13
2t 1859024630 -8.15208e+25 -8.55901e+25 -8.42733e+25 -8.34163e+25 -8.32656e+25
3t  518192909 -2.06594e+20 -2.12949e+20 -2.06325e+20 -2.05988e+20 -2.05240e+20
# 2026-06-21 04:33:11 UTC: Finished testing
+ Rscript -e 'library(irace); testing_fromlog(logFile='\''./irace-nsga2.Rdata'\'', testNbElites=1, testIterationElites=0, testInstancesDir='\''../instances'\'', testInstancesFile='\''./test-instances.txt'\'')'
+ tee nsga2-testing.log


# Testing of elite configurations: 1 
# Testing iteration configurations: 0 
# 2026-06-21 04:33:11 UTC: Testing configurations (in no particular order): 423
    population_size_factor crossover_probability crossover_distribution
423                     38                  0.39                  22.48
    mutation_probability mutation_distribution
423                 0.01                 27.92
# 2026-06-21 05:18:19 UTC: Testing results (column number is configuration ID in no particular order):
       seeds          423
1t 448112039 -1.01249e+13
2t 284491015 -7.01768e+25
3t 670873423 -1.89026e+20
# 2026-06-21 05:18:19 UTC: Finished testing
[1] TRUE
+ Rscript -e 'library(irace); testing_fromlog(logFile='\''./irace-nspso.Rdata'\'', testNbElites=1, testIterationElites=0, testInstancesDir='\''../instances'\'', testInstancesFile='\''./test-instances.txt'\'')'
+ tee nspso-testing.log


# Testing of elite configurations: 1 
# Testing iteration configurations: 0 
# 2026-06-21 05:18:20 UTC: Testing configurations (in no particular order): 359
    population_size_factor omega   c1   c2  chi v_coeff leader_selection_range
359                    108  0.62 0.24 3.09 0.23    0.07                     87
    diversity_mechanism
359             max min
# 2026-06-21 06:03:25 UTC: Testing results (column number is configuration ID in no particular order):
        seeds          359
1t  622162332 -1.04165e+13
2t 1736801785 -8.53489e+25
3t  886010384 -2.06329e+20
# 2026-06-21 06:03:25 UTC: Finished testing
[1] TRUE
+ Rscript -e 'library(irace); testing_fromlog(logFile='\''./irace-moead.Rdata'\'', testNbElites=1, testIterationElites=0, testInstancesDir='\''../instances'\'', testInstancesFile='\''./test-instances.txt'\'')'
+ tee moead-testing.log


# Testing of elite configurations: 1 
# Testing iteration configurations: 0 
# 2026-06-21 06:03:26 UTC: Testing configurations (in no particular order): 360
    population_size_factor weight_generation decomposition neighbours   cr    f
360                     93   low discrepancy      weighted         23 0.02 0.33
    eta_m realb limit
360  2.91  0.73    14
# 2026-06-21 06:48:32 UTC: Testing results (column number is configuration ID in no particular order):
        seeds          360
1t 1550887455 -1.38838e+13
2t 1223304071 -1.23720e+26
3t 1177260463 -3.16273e+20
# 2026-06-21 06:48:32 UTC: Finished testing
[1] TRUE
+ Rscript -e 'library(irace); testing_fromlog(logFile='\''./irace-mhaco.Rdata'\'', testNbElites=1, testIterationElites=0, testInstancesDir='\''../instances'\'', testInstancesFile='\''./test-instances.txt'\'')'
+ tee mhaco-testing.log


# Testing of elite configurations: 1 
# Testing iteration configurations: 0 
# 2026-06-21 06:48:33 UTC: Testing configurations (in no particular order): 184
    population_size_factor ker    q threshold n_gen_mark focus
184                     88   5 0.64       100         55  8.52
# 2026-06-21 07:33:38 UTC: Testing results (column number is configuration ID in no particular order):
        seeds          184
1t   84387360 -6.96102e+12
2t   85618915 -5.00445e+25
3t 2037555593 -1.45692e+20
# 2026-06-21 07:33:38 UTC: Finished testing
[1] TRUE
+ Rscript -e 'library(irace); testing_fromlog(logFile='\''./irace-ihs.Rdata'\'', testNbElites=1, testIterationElites=0, testInstancesDir='\''../instances'\'', testInstancesFile='\''./test-instances.txt'\'')'
+ tee ihs-testing.log


# Testing of elite configurations: 1 
# Testing iteration configurations: 0 
# 2026-06-21 07:33:38 UTC: Testing configurations (in no particular order): 317
    population_size_factor    phmcr ppar_min ppar_max bw_min   bw_max
317                     46 0.975727 0.470562 0.829922  7e-06 0.974409
# 2026-06-21 08:18:43 UTC: Testing results (column number is configuration ID in no particular order):
        seeds          317
1t 2082739522 -8.71691e+12
2t  158460273 -6.31755e+25
3t 1218094380 -1.73000e+20
# 2026-06-21 08:18:43 UTC: Finished testing
[1] TRUE
+ Rscript -e 'library(irace); testing_fromlog(logFile='\''./irace-nsbrkga-stage1.Rdata'\'', testNbElites=1, testIterationElites=0, testInstancesDir='\''../instances'\'', testInstancesFile='\''./test-instances.txt'\'')'
+ tee nsbrkga-stage1-testing.log


# Testing of elite configurations: 1 
# Testing iteration configurations: 0 
# 2026-06-21 08:18:44 UTC: Testing configurations (in no particular order): 343
    population_size_factor elites_percentage mutation_probability
343                     93              0.45                 0.01
    mutation_distribution num_total_parents num_elite_parents bias_type
343                 90.97                 3                 2         4
    crossover_type diversity_type num_populations exchange_interval
343              0              0               1                 0
    num_exchange_individuals pr_interval shake_interval reset_interval
343                        1           0              0              0
# 2026-06-21 09:03:49 UTC: Testing results (column number is configuration ID in no particular order):
        seeds          343
1t  438097441 -1.02464e+13
2t 1094172477 -6.55747e+25
3t 1942196716 -2.00367e+20
# 2026-06-21 09:03:49 UTC: Finished testing
[1] TRUE
+ Rscript -e 'library(irace); testing_fromlog(logFile='\''./irace-nsbrkga-stage2.Rdata'\'', testNbElites=1, testIterationElites=0, testInstancesDir='\''../instances'\'', testInstancesFile='\''./test-instances.txt'\'')'
+ tee nsbrkga-stage2-testing.log


# Testing of elite configurations: 1 
# Testing iteration configurations: 0 
# 2026-06-21 09:03:49 UTC: Testing configurations (in no particular order): 
data frame with 0 columns and 0 rows
Error in seq_len(nrow(x)) : 
  argument must be coercible to non-negative integer
Calls: testing_fromlog -> testing_common -> testConfigurations -> seq_nrow
In addition: Warning message:
In seq_len(nrow(x)) : first element used of 'length.out' argument
Execution halted
+ Rscript -e 'library(irace); testing_fromlog(logFile='\''./irace-nsbrkga-stage3.Rdata'\'', testNbElites=1, testIterationElites=0, testInstancesDir='\''../instances'\'', testInstancesFile='\''./test-instances.txt'\'')'
+ tee nsbrkga-stage3-testing.log
Error: == irace == read_logfile: Cannot read file './irace-nsbrkga-stage3.Rdata'.
Execution halted
+ Rscript -e 'library(irace); testing_fromlog(logFile='\''./irace-nsbrkga-stage4.Rdata'\'', testNbElites=1, testIterationElites=0, testInstancesDir='\''../instances'\'', testInstancesFile='\''./test-instances.txt'\'')'
+ tee nsbrkga-stage4-testing.log


# Testing of elite configurations: 1 
# Testing iteration configurations: 0 
# 2026-06-21 09:03:51 UTC: Testing configurations (in no particular order): 269
    population_size_factor min_elites_percentage max_elites_percentage
269                     48                  0.28                  0.33
    mutation_probability mutation_distribution num_total_parents
269                 0.98                  6.95                 4
    num_elite_parents bias_type diversity_type crossover_type num_populations
269                 4         1              2              0               3
    exchange_interval num_exchange_individuals pr_type pr_dist_func
269               547                       30       1            2
    pr_percentage pr_interval shake_interval reset_interval
269          0.77          21              0              0
# 2026-06-21 09:56:28 UTC: Testing results (column number is configuration ID in no particular order):
        seeds          269
1t 1023508127 -1.06903e+13
2t 1272688889 -7.46212e+25
3t 1901624194 -1.90894e+20
# 2026-06-21 09:56:28 UTC: Finished testing
[1] TRUE
+ Rscript -e 'library(irace); testing_fromlog(logFile='\''./irace-nsbrkga-stage5.Rdata'\'', testNbElites=1, testIterationElites=0, testInstancesDir='\''../instances'\'', testInstancesFile='\''./test-instances.txt'\'')'
+ tee nsbrkga-stage5-testing.log


# Testing of elite configurations: 1 
# Testing iteration configurations: 0 
# 2026-06-21 09:56:29 UTC: Testing configurations (in no particular order): 395
    population_size_factor min_elites_percentage max_elites_percentage
395                    106                  0.16                   0.4
    mutation_probability mutation_distribution num_total_parents
395                 0.01                 99.24                 5
    num_elite_parents bias_type diversity_type crossover_type num_populations
395                 5         4              0              0               4
    exchange_interval num_exchange_individuals pr_type pr_dist_func
395               963                       18       0            0
    pr_percentage pr_interval shake_interval shake_intensity shake_distribution
395           0.3         651             39            0.55              79.19
    reset_interval
395              0
# 2026-06-21 10:41:59 UTC: Testing results (column number is configuration ID in no particular order):
        seeds          395
1t  997018584 -1.04569e+13
2t  829704405 -7.58187e+25
3t 1588513704 -2.20095e+20
# 2026-06-21 10:41:59 UTC: Finished testing
[1] TRUE
+ Rscript -e 'library(irace); testing_fromlog(logFile='\''./irace-nsbrkga-stage6.Rdata'\'', testNbElites=1, testIterationElites=0, testInstancesDir='\''../instances'\'', testInstancesFile='\''./test-instances.txt'\'')'
+ tee nsbrkga-stage6-testing.log
Error: == irace == read_logfile: Cannot read file './irace-nsbrkga-stage6.Rdata'.
Execution halted
